,0,1,2
0,attr_0 == 'value_65',,
1,attr_0 == 'value_46' , attr_1 == 'value_23',
2,attr_4 == 'value_89',,
3,attr_0 == 'value_62',,
4,attr_0 == 'value_27',,
5,attr_4 == 'value_82',,
6,attr_0 == 'value_46',,
7,attr_0 == 'value_26',,
8,attr_2 == 'value_76',,
9,attr_0 == 'value_81',,
10,attr_1 == 'value_57' , attr_3 == 'value_70',
11,attr_1 == 'value_67',,
12,attr_1 == 'value_9',,
13,attr_3 == 'value_75',,
14,attr_4 == 'value_76',,
15,attr_2 == 'value_56',,
16,attr_3 == 'value_45',,
17,attr_2 == 'value_21',,
18,attr_2 == 'value_98',,
19,attr_4 == 'value_6',,
20,attr_1 == 'value_51',,
21,attr_4 == 'value_17',,
22,attr_2 == 'value_95',,
23,attr_3 == 'value_54',,
24,attr_1 == 'value_5' , attr_4 == 'value_21',
25,attr_1 == 'value_55',,
26,attr_3 == 'value_67',,
27,attr_2 == 'value_90',,
28,attr_0 == 'value_54' , attr_1 == 'value_95',
29,attr_0 == 'value_58' , attr_2 == 'value_50',
30,attr_0 == 'value_70' , attr_4 == 'value_99',
31,attr_3 == 'value_49',,
32,attr_1 == 'value_84',,
33,attr_3 == 'value_18',,
34,attr_2 == 'value_53',,
35,attr_2 == 'value_70' , attr_3 == 'value_24',
36,attr_2 == 'value_58',,
37,attr_0 == 'value_43' , attr_2 == 'value_33',
38,attr_1 == 'value_10',,
39,attr_0 == 'value_38',,
40,attr_3 == 'value_0',,
41,attr_2 == 'value_41',,
42,attr_0 == 'value_33',,
43,attr_4 == 'value_51',,
44,attr_0 == 'value_79',,
45,attr_0 == 'value_36',,
46,attr_3 == 'value_30',,
47,attr_2 == 'value_27',,
48,attr_1 == 'value_1' , attr_3 == 'value_41',
49,attr_1 == 'value_48' , attr_2 == 'value_24',
50,attr_1 == 'value_37',,
51,attr_0 == 'value_5',,
52,attr_0 == 'value_0',,
53,attr_2 == 'value_66' , attr_3 == 'value_90',
54,attr_4 == 'value_66',,
55,attr_2 == 'value_63' , attr_3 == 'value_71',
56,attr_1 == 'value_8',,
57,attr_0 == 'value_39',,
58,attr_1 == 'value_0',,
59,attr_1 == 'value_43',,
60,attr_3 == 'value_12',,
61,attr_4 == 'value_46',,
62,attr_4 == 'value_11',,
63,attr_0 == 'value_74',,
64,attr_4 == 'value_5',,
65,attr_4 == 'value_69',,
66,attr_3 == 'value_95',,
67,attr_3 == 'value_47',,
68,attr_0 == 'value_78',,
69,attr_3 == 'value_43',,
70,attr_3 == 'value_76',,
71,attr_0 == 'value_99',,
72,attr_2 == 'value_10',,
73,attr_1 == 'value_79',,
74,attr_3 == 'value_79',,
75,attr_0 == 'value_55' , attr_2 == 'value_8',
76,attr_1 == 'value_45',,
77,attr_2 == 'value_60' , attr_4 == 'value_42',
78,attr_2 == 'value_23',,
79,attr_3 == 'value_10' , attr_4 == 'value_88',
80,attr_0 == 'value_57' , attr_1 == 'value_46',
81,attr_1 == 'value_36' , attr_3 == 'value_13',
82,attr_3 == 'value_1',,
83,attr_1 == 'value_22',,
84,attr_2 == 'value_82',,
85,attr_1 == 'value_36',,
86,attr_2 == 'value_94',,
87,attr_3 == 'value_78',,
88,attr_4 == 'value_64',,
89,attr_0 == 'value_2',,
90,attr_2 == 'value_46',,
91,attr_3 == 'value_80',,
92,attr_1 == 'value_77',,
93,attr_0 == 'value_3',,
94,attr_3 == 'value_42',,
95,attr_1 == 'value_71',,
96,attr_0 == 'value_30' , attr_2 == 'value_11',
97,attr_2 == 'value_39',,
98,attr_2 == 'value_55',,
99,attr_0 == 'value_8',,
100,attr_3 == 'value_99',,
101,attr_3 == 'value_13',,
102,attr_0 == 'value_90',,
103,attr_2 == 'value_49' , attr_4 == 'value_14',
104,attr_2 == 'value_28',,
105,attr_1 == 'value_96',,
106,attr_4 == 'value_61',,
107,attr_1 == 'value_70' , attr_2 == 'value_38',
108,attr_1 == 'value_4' , attr_2 == 'value_60',
109,attr_1 == 'value_86',,
110,attr_0 == 'value_69',,
111,attr_4 == 'value_63',,
112,attr_2 == 'value_26',,
113,attr_4 == 'value_14',,
114,attr_4 == 'value_79',,
115,attr_2 == 'value_30',,
116,attr_2 == 'value_77' , attr_4 == 'value_17',
117,attr_2 == 'value_15',,
118,attr_0 == 'value_77',,
119,attr_0 == 'value_84',,
120,attr_0 == 'value_1',,
121,attr_0 == 'value_6',,
122,attr_3 == 'value_68',,
123,attr_3 == 'value_82',,
124,attr_3 == 'value_83',,
125,attr_0 == 'value_59',,
126,attr_0 == 'value_41',,
127,attr_2 == 'value_60',,
128,attr_0 == 'value_42',,
129,attr_4 == 'value_9',,
130,attr_1 == 'value_32',,
131,attr_3 == 'value_10',,
132,attr_1 == 'value_29' , attr_4 == 'value_10',
133,attr_0 == 'value_68',,
134,attr_3 == 'value_71',,
135,attr_2 == 'value_33',,
136,attr_3 == 'value_92',,
137,attr_1 == 'value_27' , attr_4 == 'value_67',
138,attr_3 == 'value_46',,
139,attr_0 == 'value_45',,
140,attr_3 == 'value_44',,
141,attr_1 == 'value_46',,
142,attr_2 == 'value_74',,
143,attr_1 == 'value_6' , attr_4 == 'value_56',
144,attr_3 == 'value_73',,
145,attr_1 == 'value_48',,
146,attr_1 == 'value_80',,
147,attr_1 == 'value_6' , attr_3 == 'value_28',
148,attr_0 == 'value_1' , attr_3 == 'value_69',
149,attr_1 == 'value_42' , attr_4 == 'value_6',
150,attr_0 == 'value_21' , attr_3 == 'value_33',
151,attr_1 == 'value_91',,
152,attr_2 == 'value_73',,
153,attr_2 == 'value_3',,
154,attr_1 == 'value_20',,
155,attr_0 == 'value_64',,
156,attr_3 == 'value_2',,
157,attr_4 == 'value_36',,
158,attr_3 == 'value_39',,
159,attr_3 == 'value_26' , attr_4 == 'value_74',
160,attr_1 == 'value_7' , attr_3 == 'value_85',
161,attr_1 == 'value_86' , attr_2 == 'value_2',
162,attr_3 == 'value_32',,
163,attr_2 == 'value_38',,
164,attr_3 == 'value_58',,
165,attr_2 == 'value_13',,
166,attr_1 == 'value_77' , attr_3 == 'value_75',
167,attr_0 == 'value_56',,
168,attr_0 == 'value_2' , attr_3 == 'value_42' , attr_4 == 'value_56'
169,attr_3 == 'value_77',,
170,attr_1 == 'value_41',,
171,attr_3 == 'value_53',,
172,attr_0 == 'value_31' , attr_2 == 'value_93',
173,attr_3 == 'value_31',,
174,attr_0 == 'value_87',,
175,attr_0 == 'value_88',,
176,attr_3 == 'value_33',,
177,attr_2 == 'value_9',,
178,attr_0 == 'value_77' , attr_2 == 'value_91',
179,attr_1 == 'value_90',,
180,attr_0 == 'value_62' , attr_2 == 'value_29',
181,attr_4 == 'value_7',,
182,attr_2 == 'value_25',,
183,attr_0 == 'value_91',,
184,attr_0 == 'value_89' , attr_4 == 'value_32',
185,attr_2 == 'value_19',,
186,attr_1 == 'value_53',,
187,attr_1 == 'value_43' , attr_3 == 'value_72',
188,attr_4 == 'value_74',,
189,attr_2 == 'value_17',,
190,attr_2 == 'value_14',,
191,attr_2 == 'value_86',,
192,attr_2 == 'value_87',,
193,attr_3 == 'value_80' , attr_4 == 'value_65',
194,attr_1 == 'value_2',,
195,attr_3 == 'value_40',,
196,attr_1 == 'value_49',,
197,attr_2 == 'value_21' , attr_4 == 'value_27',
198,attr_4 == 'value_28',,
199,attr_0 == 'value_86',,
200,attr_4 == 'value_25',,
201,attr_4 == 'value_13',,
202,attr_2 == 'value_67',,
203,attr_3 == 'value_97',,
204,attr_1 == 'value_39',,
205,attr_4 == 'value_71',,
206,attr_4 == 'value_1',,
207,attr_0 == 'value_9',,
208,attr_1 == 'value_25',,
209,attr_4 == 'value_99',,
210,attr_4 == 'value_34',,
211,attr_2 == 'value_11',,
212,attr_4 == 'value_32',,
213,attr_3 == 'value_98',,
214,attr_0 == 'value_26' , attr_3 == 'value_78',
215,attr_4 == 'value_21',,
216,attr_0 == 'value_89',,
217,attr_2 == 'value_62' , attr_3 == 'value_56',
218,attr_4 == 'value_52',,
219,attr_4 == 'value_83',,
220,attr_2 == 'value_2' , attr_4 == 'value_10',
221,attr_4 == 'value_48',,
222,attr_2 == 'value_47',,
223,attr_1 == 'value_29',,
224,attr_2 == 'value_61' , attr_3 == 'value_91',
225,attr_3 == 'value_62',,
226,attr_3 == 'value_55',,
227,attr_3 == 'value_89',,
228,attr_1 == 'value_66' , attr_3 == 'value_14',
229,attr_1 == 'value_63',,
230,attr_1 == 'value_30',,
231,attr_3 == 'value_84',,
232,attr_2 == 'value_65' , attr_3 == 'value_79',
233,attr_0 == 'value_28' , attr_3 == 'value_64',
234,attr_3 == 'value_81',,
235,attr_3 == 'value_90',,
236,attr_0 == 'value_61',,
237,attr_0 == 'value_32',,
238,attr_2 == 'value_51',,
239,attr_1 == 'value_49' , attr_3 == 'value_82',
240,attr_1 == 'value_94',,
241,attr_2 == 'value_12',,
242,attr_3 == 'value_56',,
243,attr_1 == 'value_10' , attr_3 == 'value_88',
244,attr_3 == 'value_69',,
245,attr_4 == 'value_37',,
246,attr_0 == 'value_18' , attr_1 == 'value_60',
247,attr_0 == 'value_97',,
248,attr_2 == 'value_91' , attr_4 == 'value_83',
249,attr_2 == 'value_91' , attr_4 == 'value_58',
250,attr_0 == 'value_16',,
251,attr_2 == 'value_88',,
252,attr_1 == 'value_1' , attr_3 == 'value_37',
253,attr_4 == 'value_43',,
254,attr_2 == 'value_59',,
255,attr_1 == 'value_57' , attr_2 == 'value_35',
256,attr_3 == 'value_24',,
257,attr_1 == 'value_47',,
258,attr_4 == 'value_33',,
259,attr_4 == 'value_85',,
260,attr_0 == 'value_82',,
261,attr_0 == 'value_18',,
262,attr_2 == 'value_43',,
263,attr_3 == 'value_72',,
264,attr_0 == 'value_49',,
265,attr_1 == 'value_70',,
266,attr_3 == 'value_37' , attr_4 == 'value_43',
267,attr_0 == 'value_51',,
268,attr_4 == 'value_45',,
269,attr_1 == 'value_11',,
270,attr_2 == 'value_22',,
271,attr_0 == 'value_61' , attr_1 == 'value_80',
272,attr_2 == 'value_2',,
273,attr_0 == 'value_19',,
274,attr_0 == 'value_57',,
275,attr_0 == 'value_55' , attr_1 == 'value_14',
276,attr_4 == 'value_84',,
277,attr_1 == 'value_89',,
278,attr_2 == 'value_34' , attr_4 == 'value_2',
279,attr_2 == 'value_5',,
280,attr_1 == 'value_33',,
281,attr_3 == 'value_59',,
282,attr_1 == 'value_1' , attr_2 == 'value_7',
283,attr_2 == 'value_62',,
284,attr_4 == 'value_20',,
285,attr_1 == 'value_54',,
286,attr_0 == 'value_73',,
287,attr_3 == 'value_25',,
288,attr_0 == 'value_72',,
289,attr_0 == 'value_58',,
290,attr_1 == 'value_66',,
291,attr_4 == 'value_44',,
292,attr_2 == 'value_52',,
293,attr_0 == 'value_77' , attr_1 == 'value_72',
294,attr_0 == 'value_58' , attr_4 == 'value_52',
295,attr_4 == 'value_90',,
296,attr_2 == 'value_44',,
297,attr_0 == 'value_94',,
298,attr_1 == 'value_23' , attr_3 == 'value_22',
299,attr_2 == 'value_79',,
300,attr_1 == 'value_98' , attr_4 == 'value_68',
301,attr_0 == 'value_24',,
302,attr_1 == 'value_17',,
303,attr_3 == 'value_37',,
304,attr_1 == 'value_77' , attr_2 == 'value_84',
305,attr_4 == 'value_97',,
306,attr_1 == 'value_76',,
307,attr_3 == 'value_60',,
308,attr_3 == 'value_17',,
309,attr_4 == 'value_41',,
310,attr_0 == 'value_53',,
311,attr_3 == 'value_63',,
312,attr_1 == 'value_95',,
313,attr_0 == 'value_55',,
314,attr_3 == 'value_88',,
315,attr_1 == 'value_78',,
316,attr_0 == 'value_9' , attr_4 == 'value_54',
317,attr_0 == 'value_22',,
318,attr_1 == 'value_34' , attr_3 == 'value_11',
319,attr_0 == 'value_61' , attr_4 == 'value_48',
320,attr_1 == 'value_62',,
321,attr_0 == 'value_10',,
322,attr_3 == 'value_8' , attr_4 == 'value_88',
323,attr_1 == 'value_3' , attr_3 == 'value_1',
324,attr_2 == 'value_70',,
325,attr_1 == 'value_44',,
326,attr_4 == 'value_42',,
327,attr_1 == 'value_61',,
328,attr_1 == 'value_12',,
329,attr_3 == 'value_15',,
330,attr_0 == 'value_80',,
331,attr_0 == 'value_2' , attr_3 == 'value_59',
332,attr_4 == 'value_15',,
333,attr_4 == 'value_24',,
334,attr_1 == 'value_62' , attr_3 == 'value_5',
335,attr_4 == 'value_56',,
336,attr_3 == 'value_85',,
337,attr_1 == 'value_13',,
338,attr_0 == 'value_20',,
339,attr_0 == 'value_16' , attr_3 == 'value_84',
340,attr_4 == 'value_30',,
341,attr_1 == 'value_35' , attr_4 == 'value_27',
342,attr_0 == 'value_75',,
343,attr_1 == 'value_23',,
344,attr_2 == 'value_64',,
345,attr_0 == 'value_30' , attr_3 == 'value_18',
346,attr_3 == 'value_74',,
347,attr_4 == 'value_70',,
348,attr_0 == 'value_47' , attr_1 == 'value_45',
349,attr_1 == 'value_15',,
350,attr_2 == 'value_96',,
351,attr_4 == 'value_65',,
352,attr_0 == 'value_37' , attr_3 == 'value_17',
353,attr_4 == 'value_57',,
354,attr_1 == 'value_26',,
355,attr_1 == 'value_39' , attr_2 == 'value_6',
356,attr_2 == 'value_29' , attr_4 == 'value_95',
357,attr_0 == 'value_50',,
358,attr_3 == 'value_5',,
359,attr_0 == 'value_60',,
360,attr_1 == 'value_3',,
361,attr_3 == 'value_65',,
362,attr_0 == 'value_44',,
363,attr_2 == 'value_31',,
364,attr_2 == 'value_30' , attr_3 == 'value_78',
365,attr_2 == 'value_67' , attr_3 == 'value_19',
366,attr_2 == 'value_81',,
367,attr_4 == 'value_96',,
368,attr_2 == 'value_0',,
369,attr_1 == 'value_19',,
370,attr_3 == 'value_11',,
371,attr_0 == 'value_96',,
372,attr_4 == 'value_77',,
373,attr_0 == 'value_93' , attr_2 == 'value_82',
374,attr_1 == 'value_80' , attr_4 == 'value_96',
375,attr_0 == 'value_99' , attr_2 == 'value_59',
376,attr_1 == 'value_57',,
377,attr_1 == 'value_99',,
378,attr_1 == 'value_46' , attr_4 == 'value_38',
379,attr_4 == 'value_78',,
380,attr_0 == 'value_7',,
381,attr_0 == 'value_24' , attr_1 == 'value_26',
382,attr_2 == 'value_85',,
383,attr_4 == 'value_58',,
384,attr_3 == 'value_26',,
385,attr_0 == 'value_35',,
386,attr_0 == 'value_52',,
387,attr_3 == 'value_91',,
388,attr_1 == 'value_93',,
389,attr_0 == 'value_14' , attr_3 == 'value_33',
390,attr_0 == 'value_67',,
391,attr_0 == 'value_47',,
392,attr_4 == 'value_86',,
393,attr_1 == 'value_99' , attr_3 == 'value_86',
394,attr_0 == 'value_17',,
395,attr_4 == 'value_55',,
396,attr_2 == 'value_6',,
397,attr_0 == 'value_52' , attr_4 == 'value_64',
398,attr_0 == 'value_48',,
399,attr_4 == 'value_91',,
400,attr_1 == 'value_88',,
401,attr_3 == 'value_28',,
402,attr_1 == 'value_28',,
403,attr_0 == 'value_68' , attr_1 == 'value_51',
404,attr_2 == 'value_45' , attr_3 == 'value_85',
405,attr_1 == 'value_14' , attr_3 == 'value_37',
406,attr_3 == 'value_86',,
407,attr_4 == 'value_54',,
408,attr_4 == 'value_47',,
409,attr_0 == 'value_69' , attr_2 == 'value_69',
410,attr_2 == 'value_88' , attr_3 == 'value_62',
411,attr_3 == 'value_61',,
412,attr_2 == 'value_75',,
413,attr_2 == 'value_29',,
414,attr_2 == 'value_99',,
415,attr_3 == 'value_92' , attr_4 == 'value_61',
416,attr_3 == 'value_27',,
417,attr_2 == 'value_84',,
418,attr_3 == 'value_19',,
419,attr_0 == 'value_82' , attr_4 == 'value_0',
420,attr_0 == 'value_30' , attr_1 == 'value_27',
421,attr_0 == 'value_25',,
422,attr_3 == 'value_6',,
423,attr_0 == 'value_86' , attr_2 == 'value_87',
424,attr_1 == 'value_65' , attr_2 == 'value_21',
425,attr_3 == 'value_93',,
426,attr_3 == 'value_20',,
427,attr_2 == 'value_92',,
428,attr_0 == 'value_15',,
429,attr_1 == 'value_42' , attr_3 == 'value_51',
430,attr_4 == 'value_80',,
431,attr_4 == 'value_88',,
432,attr_4 == 'value_40',,
433,attr_1 == 'value_50',,
434,attr_2 == 'value_66' , attr_3 == 'value_67',
435,attr_3 == 'value_50' , attr_4 == 'value_31',
436,attr_1 == 'value_73',,
437,attr_1 == 'value_13' , attr_3 == 'value_15',
438,attr_0 == 'value_11',,
439,attr_4 == 'value_53',,
440,attr_0 == 'value_23' , attr_1 == 'value_35',
441,attr_2 == 'value_65',,
442,attr_1 == 'value_81',,
443,attr_0 == 'value_12',,
444,attr_2 == 'value_49' , attr_3 == 'value_92',
445,attr_0 == 'value_16' , attr_4 == 'value_59',
446,attr_0 == 'value_0' , attr_1 == 'value_6',
447,attr_4 == 'value_50',,
448,attr_4 == 'value_73',,
449,attr_4 == 'value_95',,
450,attr_1 == 'value_23' , attr_3 == 'value_17',
451,attr_3 == 'value_22' , attr_4 == 'value_15',
452,attr_3 == 'value_35' , attr_4 == 'value_71',
453,attr_3 == 'value_94',,
454,attr_1 == 'value_8' , attr_3 == 'value_27' , attr_4 == 'value_3'
455,attr_2 == 'value_37' , attr_3 == 'value_17',
456,attr_2 == 'value_71',,
457,attr_2 == 'value_88' , attr_3 == 'value_69',
458,attr_0 == 'value_87' , attr_1 == 'value_99',
459,attr_4 == 'value_0',,
460,attr_0 == 'value_12' , attr_2 == 'value_14',
461,attr_1 == 'value_33' , attr_4 == 'value_23',
462,attr_3 == 'value_51',,
463,attr_1 == 'value_14' , attr_2 == 'value_36',
464,attr_1 == 'value_54' , attr_4 == 'value_44',
465,attr_0 == 'value_93',,
466,attr_3 == 'value_38' , attr_4 == 'value_18',
467,attr_0 == 'value_43' , attr_2 == 'value_72',
468,attr_1 == 'value_27',,
469,attr_1 == 'value_69',,
470,attr_1 == 'value_87',,
471,attr_3 == 'value_23',,
472,attr_3 == 'value_22',,
473,attr_1 == 'value_84' , attr_3 == 'value_76',
474,attr_1 == 'value_42',,
475,attr_4 == 'value_49',,
476,attr_4 == 'value_87',,
477,attr_0 == 'value_13',,
478,attr_3 == 'value_29',,
479,attr_1 == 'value_52',,
480,attr_0 == 'value_26' , attr_4 == 'value_40',
481,attr_0 == 'value_29',,
482,attr_4 == 'value_8',,
483,attr_0 == 'value_21' , attr_1 == 'value_6',
484,attr_3 == 'value_57',,
485,attr_0 == 'value_95',,
486,attr_3 == 'value_87',,
487,attr_1 == 'value_98',,
488,attr_4 == 'value_92',,
489,attr_4 == 'value_12',,
490,attr_0 == 'value_92',,
491,attr_3 == 'value_8',,
492,attr_1 == 'value_83',,
493,attr_1 == 'value_62' , attr_4 == 'value_53',
494,attr_0 == 'value_98',,
495,attr_2 == 'value_54',,
496,attr_4 == 'value_26',,
497,attr_0 == 'value_40',,
498,attr_2 == 'value_74' , attr_4 == 'value_6',
499,attr_1 == 'value_56',,
500,attr_1 == 'value_72' , attr_4 == 'value_47',
501,attr_0 == 'value_53' , attr_1 == 'value_75',
502,attr_1 == 'value_82' , attr_2 == 'value_48',
503,attr_0 == 'value_34',,
504,attr_3 == 'value_27' , attr_4 == 'value_57',
505,attr_0 == 'value_5' , attr_1 == 'value_49',
506,attr_4 == 'value_2',,
507,attr_0 == 'value_21',,
508,attr_4 == 'value_39',,
509,attr_0 == 'value_56' , attr_1 == 'value_51',
510,attr_3 == 'value_42' , attr_4 == 'value_79',
511,attr_3 == 'value_4',,
512,attr_0 == 'value_40' , attr_2 == 'value_67',
513,attr_0 == 'value_23',,
514,attr_0 == 'value_62' , attr_4 == 'value_36',
515,attr_0 == 'value_44' , attr_4 == 'value_41',
516,attr_3 == 'value_57' , attr_4 == 'value_71',
517,attr_2 == 'value_91',,
518,attr_3 == 'value_80' , attr_4 == 'value_21',
519,attr_4 == 'value_31',,
520,attr_0 == 'value_70',,
521,attr_3 == 'value_34' , attr_4 == 'value_38',
522,attr_2 == 'value_66',,
523,attr_1 == 'value_46' , attr_3 == 'value_34',
524,attr_3 == 'value_52',,
525,attr_1 == 'value_31' , attr_2 == 'value_23',
526,attr_1 == 'value_99' , attr_4 == 'value_70',
527,attr_2 == 'value_27' , attr_3 == 'value_72',
528,attr_2 == 'value_32',,
529,attr_3 == 'value_14',,
530,attr_4 == 'value_67',,
531,attr_1 == 'value_95' , attr_4 == 'value_51',
532,attr_1 == 'value_31',,
533,attr_3 == 'value_17' , attr_4 == 'value_4',
534,attr_4 == 'value_35',,
535,attr_1 == 'value_53' , attr_3 == 'value_90',
536,attr_3 == 'value_9',,
537,attr_0 == 'value_37',,
538,attr_2 == 'value_4',,
539,attr_1 == 'value_40' , attr_3 == 'value_17',
540,attr_2 == 'value_72',,
541,attr_1 == 'value_49' , attr_3 == 'value_40',
542,attr_1 == 'value_40',,
543,attr_3 == 'value_96',,
544,attr_1 == 'value_34' , attr_4 == 'value_58',
545,attr_2 == 'value_77',,
546,attr_3 == 'value_35',,
547,attr_1 == 'value_16',,
548,attr_1 == 'value_56' , attr_3 == 'value_39',
549,attr_2 == 'value_24',,
550,attr_3 == 'value_21',,
551,attr_2 == 'value_9' , attr_4 == 'value_14',
552,attr_1 == 'value_88' , attr_4 == 'value_8',
553,attr_0 == 'value_48' , attr_1 == 'value_99',
554,attr_1 == 'value_83' , attr_2 == 'value_37',
555,attr_2 == 'value_56' , attr_3 == 'value_81',
556,attr_4 == 'value_94',,
557,attr_2 == 'value_40',,
558,attr_2 == 'value_69',,
559,attr_1 == 'value_34' , attr_2 == 'value_40',
560,attr_1 == 'value_21' , attr_3 == 'value_11',
561,attr_1 == 'value_41' , attr_4 == 'value_13',
562,attr_3 == 'value_38',,
563,attr_3 == 'value_14' , attr_4 == 'value_28',
564,attr_1 == 'value_68',,
565,attr_1 == 'value_92',,
566,attr_2 == 'value_93',,
567,attr_0 == 'value_85',,
568,attr_3 == 'value_3',,
569,attr_2 == 'value_20' , attr_3 == 'value_96',
570,attr_0 == 'value_48' , attr_1 == 'value_5',
571,attr_0 == 'value_8' , attr_1 == 'value_68',
572,attr_4 == 'value_68',,
573,attr_1 == 'value_41' , attr_2 == 'value_20',
574,attr_2 == 'value_28' , attr_4 == 'value_14',
575,attr_0 == 'value_30',,
576,attr_3 == 'value_41',,
577,attr_2 == 'value_48',,
578,attr_3 == 'value_49' , attr_4 == 'value_34',
579,attr_2 == 'value_8',,
580,attr_4 == 'value_81',,
581,attr_1 == 'value_88' , attr_2 == 'value_36',
582,attr_1 == 'value_73' , attr_4 == 'value_65',
583,attr_4 == 'value_19',,
584,attr_0 == 'value_28',,
585,attr_1 == 'value_21',,
586,attr_1 == 'value_59',,
587,attr_2 == 'value_63',,
588,attr_2 == 'value_61',,
589,attr_0 == 'value_83',,
590,attr_0 == 'value_56' , attr_1 == 'value_55',
591,attr_2 == 'value_86' , attr_4 == 'value_58',
592,attr_0 == 'value_53' , attr_2 == 'value_47',
593,attr_0 == 'value_53' , attr_4 == 'value_35',
594,attr_4 == 'value_4',,
595,attr_1 == 'value_4' , attr_3 == 'value_41',
596,attr_0 == 'value_25' , attr_3 == 'value_58',
597,attr_4 == 'value_75',,
598,attr_2 == 'value_1',,
599,attr_0 == 'value_54',,
600,attr_4 == 'value_22',,
601,attr_1 == 'value_17' , attr_4 == 'value_75',
602,attr_2 == 'value_7',,
603,attr_2 == 'value_45',,
604,attr_3 == 'value_98' , attr_4 == 'value_74',
605,attr_1 == 'value_85',,
606,attr_1 == 'value_34',,
607,attr_2 == 'value_89',,
608,attr_0 == 'value_75' , attr_4 == 'value_70',
609,attr_2 == 'value_42',,
610,attr_1 == 'value_75',,
611,attr_0 == 'value_81' , attr_1 == 'value_39',
612,attr_0 == 'value_6' , attr_4 == 'value_3',
613,attr_0 == 'value_63',,
614,attr_2 == 'value_57',,
615,attr_1 == 'value_14',,
616,attr_4 == 'value_38',,
617,attr_3 == 'value_66',,
618,attr_0 == 'value_36' , attr_1 == 'value_89',
619,attr_0 == 'value_87' , attr_3 == 'value_33',
620,attr_2 == 'value_68',,
621,attr_0 == 'value_57' , attr_3 == 'value_34',
622,attr_1 == 'value_14' , attr_2 == 'value_90',
623,attr_0 == 'value_73' , attr_4 == 'value_49',
624,attr_3 == 'value_28' , attr_4 == 'value_45',
625,attr_3 == 'value_42' , attr_4 == 'value_48',
626,attr_0 == 'value_39' , attr_2 == 'value_65',
627,attr_1 == 'value_0' , attr_2 == 'value_29',
628,attr_0 == 'value_71',,
629,attr_0 == 'value_96' , attr_4 == 'value_74',
630,attr_3 == 'value_7',,
631,attr_4 == 'value_59',,
632,attr_1 == 'value_4',,
633,attr_2 == 'value_22' , attr_4 == 'value_34',
634,attr_4 == 'value_60',,
635,attr_2 == 'value_38' , attr_4 == 'value_91',
636,attr_0 == 'value_31',,
637,attr_0 == 'value_4',,
638,attr_1 == 'value_66' , attr_2 == 'value_37',
639,attr_3 == 'value_16',,
640,attr_3 == 'value_50',,
641,attr_0 == 'value_77' , attr_1 == 'value_76',
642,attr_4 == 'value_72',,
643,attr_1 == 'value_62' , attr_4 == 'value_85',
644,attr_0 == 'value_56' , attr_2 == 'value_23',
645,attr_1 == 'value_38',,
646,attr_1 == 'value_55' , attr_3 == 'value_35',
647,attr_1 == 'value_75' , attr_2 == 'value_14',
648,attr_0 == 'value_23' , attr_1 == 'value_58',
649,attr_2 == 'value_93' , attr_4 == 'value_22',
650,attr_1 == 'value_7',,
651,attr_0 == 'value_75' , attr_4 == 'value_14',
652,attr_3 == 'value_63' , attr_4 == 'value_79',
653,attr_3 == 'value_25' , attr_4 == 'value_75',
654,attr_0 == 'value_71' , attr_3 == 'value_20',
655,attr_0 == 'value_44' , attr_2 == 'value_63',
656,attr_1 == 'value_54' , attr_4 == 'value_78',
657,attr_2 == 'value_20',,
658,attr_0 == 'value_35' , attr_3 == 'value_51',
659,attr_0 == 'value_80' , attr_1 == 'value_66',
660,attr_0 == 'value_14',,
661,attr_2 == 'value_66' , attr_3 == 'value_78',
662,attr_1 == 'value_38' , attr_2 == 'value_42',
663,attr_0 == 'value_98' , attr_3 == 'value_46',
664,attr_4 == 'value_93',,
665,attr_0 == 'value_18' , attr_4 == 'value_42',
666,attr_2 == 'value_18',,
667,attr_1 == 'value_24',,
668,attr_1 == 'value_37' , attr_2 == 'value_75',
669,attr_0 == 'value_93' , attr_2 == 'value_30',
670,attr_2 == 'value_34' , attr_4 == 'value_12',
671,attr_0 == 'value_87' , attr_3 == 'value_35',
672,attr_3 == 'value_34',,
673,attr_0 == 'value_4' , attr_4 == 'value_13',
674,attr_1 == 'value_21' , attr_3 == 'value_60',
675,attr_4 == 'value_10',,
676,attr_2 == 'value_77' , attr_4 == 'value_58',
677,attr_1 == 'value_1' , attr_2 == 'value_9',
678,attr_3 == 'value_60' , attr_4 == 'value_95',
679,attr_2 == 'value_3' , attr_3 == 'value_19',
680,attr_1 == 'value_64',,
681,attr_2 == 'value_36',,
682,attr_2 == 'value_72' , attr_3 == 'value_65',
683,attr_3 == 'value_57' , attr_4 == 'value_39',
684,attr_2 == 'value_16',,
685,attr_0 == 'value_44' , attr_2 == 'value_85',
686,attr_1 == 'value_24' , attr_2 == 'value_40',
687,attr_3 == 'value_40' , attr_4 == 'value_26',
688,attr_1 == 'value_83' , attr_3 == 'value_68',
689,attr_1 == 'value_50' , attr_4 == 'value_21',
690,attr_1 == 'value_34' , attr_2 == 'value_29',
691,attr_0 == 'value_93' , attr_1 == 'value_38',
692,attr_0 == 'value_72' , attr_4 == 'value_13',
693,attr_1 == 'value_17' , attr_2 == 'value_44',
694,attr_3 == 'value_21' , attr_4 == 'value_86',
695,attr_2 == 'value_50',,
696,attr_2 == 'value_37',,
697,attr_3 == 'value_57' , attr_4 == 'value_34',
698,attr_2 == 'value_44' , attr_4 == 'value_96',
699,attr_2 == 'value_48' , attr_3 == 'value_11',
700,attr_0 == 'value_66',,
701,attr_1 == 'value_13' , attr_3 == 'value_51',
702,attr_2 == 'value_78',,
703,attr_3 == 'value_21' , attr_4 == 'value_67',
704,attr_3 == 'value_6' , attr_4 == 'value_26',
705,attr_3 == 'value_98' , attr_4 == 'value_24',
706,attr_1 == 'value_96' , attr_4 == 'value_77',
707,attr_0 == 'value_62' , attr_4 == 'value_30',
708,attr_3 == 'value_98' , attr_4 == 'value_1',
709,attr_2 == 'value_36' , attr_4 == 'value_88',
710,attr_1 == 'value_85' , attr_3 == 'value_26',
711,attr_2 == 'value_51' , attr_4 == 'value_59',
712,attr_1 == 'value_6',,
713,attr_2 == 'value_12' , attr_4 == 'value_86',
714,attr_0 == 'value_43',,
715,attr_1 == 'value_36' , attr_3 == 'value_85',
716,attr_0 == 'value_68' , attr_4 == 'value_10',
717,attr_2 == 'value_96' , attr_3 == 'value_80',
718,attr_1 == 'value_55' , attr_4 == 'value_67',
719,attr_3 == 'value_22' , attr_4 == 'value_22',
720,attr_4 == 'value_16',,
721,attr_1 == 'value_75' , attr_2 == 'value_96',
722,attr_0 == 'value_33' , attr_3 == 'value_62',
723,attr_2 == 'value_20' , attr_4 == 'value_51',
724,attr_0 == 'value_3' , attr_4 == 'value_16',
725,attr_0 == 'value_3' , attr_3 == 'value_60',
726,attr_0 == 'value_0' , attr_1 == 'value_29',
727,attr_2 == 'value_52' , attr_4 == 'value_8',
728,attr_3 == 'value_76' , attr_4 == 'value_48',
729,attr_0 == 'value_29' , attr_2 == 'value_31',
730,attr_0 == 'value_30' , attr_2 == 'value_13',
731,attr_0 == 'value_6' , attr_2 == 'value_22',
732,attr_2 == 'value_94' , attr_3 == 'value_75',
733,attr_1 == 'value_51' , attr_2 == 'value_57',
734,attr_2 == 'value_83',,
735,attr_0 == 'value_44' , attr_3 == 'value_11',
736,attr_0 == 'value_20' , attr_2 == 'value_41',
737,attr_0 == 'value_93' , attr_3 == 'value_86',
738,attr_1 == 'value_13' , attr_2 == 'value_14',
739,attr_1 == 'value_98' , attr_4 == 'value_41',
740,attr_1 == 'value_35',,
741,attr_0 == 'value_2' , attr_2 == 'value_31',
742,attr_3 == 'value_48',,
743,attr_4 == 'value_18',,
744,attr_0 == 'value_80' , attr_1 == 'value_83',
745,attr_0 == 'value_3' , attr_3 == 'value_91',
746,attr_1 == 'value_97',,
747,attr_2 == 'value_35',,
748,attr_4 == 'value_98',,
749,attr_1 == 'value_56' , attr_3 == 'value_58',
750,attr_0 == 'value_50' , attr_3 == 'value_15',
751,attr_4 == 'value_29',,
752,attr_0 == 'value_30' , attr_3 == 'value_77',
753,attr_1 == 'value_33' , attr_2 == 'value_40',
754,attr_2 == 'value_40' , attr_3 == 'value_69',
755,attr_1 == 'value_82',,
756,attr_1 == 'value_72',,
757,attr_2 == 'value_25' , attr_3 == 'value_48',
758,attr_3 == 'value_72' , attr_4 == 'value_19',
759,attr_2 == 'value_35' , attr_4 == 'value_9',
760,attr_0 == 'value_38' , attr_2 == 'value_1',
761,attr_1 == 'value_9' , attr_2 == 'value_5',
762,attr_1 == 'value_1',,
763,attr_0 == 'value_50' , attr_1 == 'value_39',
764,attr_0 == 'value_45' , attr_4 == 'value_37',
765,attr_3 == 'value_14' , attr_4 == 'value_59',
766,attr_0 == 'value_65' , attr_2 == 'value_68',
767,attr_4 == 'value_3',,
768,attr_2 == 'value_29' , attr_4 == 'value_79',
769,attr_1 == 'value_57' , attr_4 == 'value_51',
770,attr_0 == 'value_81' , attr_3 == 'value_20',
771,attr_2 == 'value_97',,
772,attr_3 == 'value_36',,
773,attr_4 == 'value_23',,
774,attr_0 == 'value_14' , attr_1 == 'value_44',
775,attr_0 == 'value_79' , attr_2 == 'value_21',
776,attr_2 == 'value_35' , attr_3 == 'value_91',
777,attr_3 == 'value_14' , attr_4 == 'value_65',
778,attr_3 == 'value_93' , attr_4 == 'value_47',
779,attr_3 == 'value_9' , attr_4 == 'value_8',
780,attr_3 == 'value_40' , attr_4 == 'value_98',
781,attr_2 == 'value_58' , attr_4 == 'value_54',
782,attr_0 == 'value_98' , attr_4 == 'value_8',
783,attr_4 == 'value_27',,
784,attr_2 == 'value_3' , attr_4 == 'value_65',
785,attr_0 == 'value_94' , attr_3 == 'value_36',
786,attr_0 == 'value_64' , attr_2 == 'value_72',
787,attr_1 == 'value_49' , attr_4 == 'value_87',
788,attr_2 == 'value_66' , attr_4 == 'value_90',
789,attr_0 == 'value_84' , attr_4 == 'value_71',
790,attr_0 == 'value_77' , attr_2 == 'value_81',
791,attr_1 == 'value_72' , attr_3 == 'value_65',
792,attr_1 == 'value_10' , attr_2 == 'value_49',
793,attr_2 == 'value_33' , attr_4 == 'value_40',
794,attr_2 == 'value_99' , attr_3 == 'value_18',
795,attr_3 == 'value_73' , attr_4 == 'value_65',
796,attr_1 == 'value_58',,
797,attr_0 == 'value_73' , attr_2 == 'value_56',
798,attr_1 == 'value_15' , attr_2 == 'value_24',
799,attr_0 == 'value_18' , attr_2 == 'value_29',
800,attr_0 == 'value_93' , attr_4 == 'value_19',
801,attr_0 == 'value_27' , attr_4 == 'value_52',
802,attr_2 == 'value_2' , attr_4 == 'value_0',
803,attr_0 == 'value_69' , attr_3 == 'value_98',
804,attr_0 == 'value_21' , attr_4 == 'value_41',
805,attr_0 == 'value_93' , attr_1 == 'value_31',
806,attr_4 == 'value_62',,
807,attr_1 == 'value_22' , attr_3 == 'value_84',
808,attr_0 == 'value_34' , attr_1 == 'value_97',
809,attr_0 == 'value_55' , attr_3 == 'value_78',
810,attr_0 == 'value_88' , attr_4 == 'value_46',
811,attr_3 == 'value_70',,
812,attr_0 == 'value_29' , attr_1 == 'value_64',
813,attr_0 == 'value_16' , attr_2 == 'value_58',
814,attr_0 == 'value_76',,
815,attr_1 == 'value_18',,
816,attr_2 == 'value_6' , attr_4 == 'value_76',
817,attr_0 == 'value_83' , attr_1 == 'value_35',
818,attr_3 == 'value_53' , attr_4 == 'value_4',
819,attr_1 == 'value_94' , attr_2 == 'value_99',
820,attr_1 == 'value_77' , attr_4 == 'value_23',
821,attr_0 == 'value_3' , attr_1 == 'value_75',
822,attr_0 == 'value_17' , attr_1 == 'value_67',
823,attr_1 == 'value_74',,
824,attr_2 == 'value_12' , attr_4 == 'value_69',
825,attr_0 == 'value_43' , attr_4 == 'value_28',
826,attr_1 == 'value_48' , attr_4 == 'value_78',
827,attr_0 == 'value_6' , attr_3 == 'value_46',
828,attr_2 == 'value_35' , attr_4 == 'value_73',
829,attr_2 == 'value_77' , attr_3 == 'value_12',
830,attr_1 == 'value_52' , attr_2 == 'value_87',
831,attr_0 == 'value_13' , attr_3 == 'value_76',
832,attr_3 == 'value_64',,
833,attr_2 == 'value_64' , attr_3 == 'value_48',
834,attr_3 == 'value_37' , attr_4 == 'value_39',
835,attr_1 == 'value_30' , attr_3 == 'value_25',
836,attr_0 == 'value_0' , attr_3 == 'value_25',
837,attr_1 == 'value_94' , attr_3 == 'value_39',
838,attr_0 == 'value_78' , attr_2 == 'value_42',
839,attr_3 == 'value_28' , attr_4 == 'value_87',
840,attr_2 == 'value_5' , attr_3 == 'value_86',
841,attr_0 == 'value_69' , attr_1 == 'value_40',
842,attr_1 == 'value_84' , attr_4 == 'value_60',
843,attr_3 == 'value_31' , attr_4 == 'value_63',
844,attr_1 == 'value_49' , attr_3 == 'value_20',
845,attr_0 == 'value_90' , attr_4 == 'value_69',
846,attr_1 == 'value_26' , attr_3 == 'value_92',
847,attr_2 == 'value_19' , attr_4 == 'value_71',
848,attr_0 == 'value_2' , attr_4 == 'value_44',
849,attr_3 == 'value_45' , attr_4 == 'value_22',
850,attr_0 == 'value_38' , attr_4 == 'value_32',
851,attr_0 == 'value_56' , attr_1 == 'value_52',
852,attr_3 == 'value_16' , attr_4 == 'value_48',
853,attr_0 == 'value_73' , attr_4 == 'value_13',
854,attr_2 == 'value_51' , attr_4 == 'value_49',
855,attr_0 == 'value_3' , attr_2 == 'value_4',
856,attr_2 == 'value_63' , attr_4 == 'value_41',
857,attr_0 == 'value_12' , attr_1 == 'value_10',
858,attr_1 == 'value_0' , attr_4 == 'value_27',
859,attr_0 == 'value_9' , attr_4 == 'value_69',
860,attr_2 == 'value_19' , attr_4 == 'value_68',
861,attr_1 == 'value_44' , attr_4 == 'value_87',
862,attr_0 == 'value_91' , attr_2 == 'value_74',
863,attr_0 == 'value_67' , attr_2 == 'value_88',
864,attr_0 == 'value_79' , attr_1 == 'value_18',
865,attr_0 == 'value_7' , attr_1 == 'value_54',
866,attr_2 == 'value_26' , attr_4 == 'value_9',
867,attr_0 == 'value_1' , attr_4 == 'value_41',
868,attr_0 == 'value_34' , attr_1 == 'value_62',
869,attr_0 == 'value_50' , attr_4 == 'value_43',
870,attr_1 == 'value_49' , attr_4 == 'value_68',
871,attr_0 == 'value_44' , attr_3 == 'value_65',
872,attr_0 == 'value_0' , attr_4 == 'value_24',
873,attr_2 == 'value_50' , attr_3 == 'value_10',
874,attr_1 == 'value_16' , attr_4 == 'value_20',
875,attr_1 == 'value_89' , attr_2 == 'value_84',
876,attr_2 == 'value_31' , attr_3 == 'value_47',
877,attr_3 == 'value_1' , attr_4 == 'value_62',
878,attr_3 == 'value_11' , attr_4 == 'value_96',
879,attr_2 == 'value_80',,
880,attr_3 == 'value_87' , attr_4 == 'value_64',
881,attr_0 == 'value_43' , attr_1 == 'value_97',
882,attr_3 == 'value_93' , attr_4 == 'value_31',
883,attr_1 == 'value_79' , attr_2 == 'value_61',
884,attr_0 == 'value_34' , attr_4 == 'value_66',
885,attr_3 == 'value_38' , attr_4 == 'value_90',
886,attr_0 == 'value_23' , attr_2 == 'value_51',
887,attr_3 == 'value_8' , attr_4 == 'value_30',
888,attr_0 == 'value_42' , attr_3 == 'value_42',
889,attr_1 == 'value_6' , attr_4 == 'value_28',
890,attr_3 == 'value_28' , attr_4 == 'value_43',
891,attr_2 == 'value_58' , attr_3 == 'value_12',
892,attr_2 == 'value_90' , attr_4 == 'value_58',
893,attr_3 == 'value_11' , attr_4 == 'value_2',
894,attr_1 == 'value_49' , attr_3 == 'value_48',
895,attr_0 == 'value_32' , attr_3 == 'value_59',
896,attr_2 == 'value_49',,
897,attr_1 == 'value_65' , attr_4 == 'value_77',
898,attr_2 == 'value_34',,
899,attr_2 == 'value_90' , attr_4 == 'value_55',
900,attr_2 == 'value_88' , attr_3 == 'value_8',
901,attr_0 == 'value_56' , attr_2 == 'value_69',
902,attr_1 == 'value_77' , attr_4 == 'value_39',
903,attr_0 == 'value_25' , attr_4 == 'value_13',
904,attr_0 == 'value_5' , attr_3 == 'value_77',
905,attr_2 == 'value_35' , attr_4 == 'value_65',
906,attr_2 == 'value_83' , attr_3 == 'value_90',
907,attr_2 == 'value_44' , attr_4 == 'value_53',
908,attr_1 == 'value_90' , attr_2 == 'value_87',
909,attr_1 == 'value_71' , attr_3 == 'value_52',
910,attr_1 == 'value_60' , attr_3 == 'value_30',
911,attr_0 == 'value_84' , attr_2 == 'value_24',
912,attr_2 == 'value_54' , attr_4 == 'value_2',
913,attr_1 == 'value_8' , attr_2 == 'value_54',
914,attr_1 == 'value_60',,
915,attr_1 == 'value_87' , attr_2 == 'value_74',
916,attr_0 == 'value_98' , attr_4 == 'value_51',
917,attr_0 == 'value_85' , attr_1 == 'value_17',
918,attr_0 == 'value_47' , attr_1 == 'value_69',
919,attr_2 == 'value_86' , attr_3 == 'value_59',
920,attr_1 == 'value_11' , attr_2 == 'value_10' , attr_4 == 'value_3'
921,attr_1 == 'value_86' , attr_3 == 'value_7',
922,attr_1 == 'value_65',,
923,attr_1 == 'value_83' , attr_4 == 'value_6',
924,attr_1 == 'value_1' , attr_2 == 'value_32',
925,attr_0 == 'value_87' , attr_2 == 'value_91',
926,attr_0 == 'value_55' , attr_4 == 'value_90',
927,attr_0 == 'value_47' , attr_1 == 'value_40',
928,attr_0 == 'value_53' , attr_4 == 'value_69',
929,attr_2 == 'value_34' , attr_3 == 'value_40',
930,attr_3 == 'value_26' , attr_4 == 'value_37',
931,attr_2 == 'value_4' , attr_4 == 'value_64',
932,attr_3 == 'value_21' , attr_4 == 'value_81',
933,attr_1 == 'value_89' , attr_4 == 'value_19',
934,attr_0 == 'value_39' , attr_1 == 'value_77',
935,attr_1 == 'value_99' , attr_2 == 'value_77',
936,attr_0 == 'value_14' , attr_2 == 'value_70',
937,attr_0 == 'value_88' , attr_1 == 'value_20',
938,attr_0 == 'value_0' , attr_1 == 'value_53',
939,attr_2 == 'value_19' , attr_3 == 'value_17',
940,attr_1 == 'value_14' , attr_3 == 'value_96',
941,attr_1 == 'value_80' , attr_4 == 'value_40',
942,attr_2 == 'value_28' , attr_4 == 'value_48',
943,attr_0 == 'value_25' , attr_3 == 'value_11',
944,attr_1 == 'value_58' , attr_2 == 'value_7',
945,attr_1 == 'value_81' , attr_2 == 'value_31',
946,attr_1 == 'value_26' , attr_3 == 'value_24',
947,attr_0 == 'value_52' , attr_4 == 'value_11',
948,attr_1 == 'value_53' , attr_2 == 'value_75',
949,attr_2 == 'value_51' , attr_3 == 'value_62',
950,attr_1 == 'value_84' , attr_2 == 'value_34',
951,attr_1 == 'value_26' , attr_3 == 'value_27',
952,attr_0 == 'value_66' , attr_1 == 'value_99',
953,attr_3 == 'value_12' , attr_4 == 'value_91',
954,attr_1 == 'value_20' , attr_3 == 'value_62',
955,attr_1 == 'value_75' , attr_4 == 'value_62',
956,attr_2 == 'value_89' , attr_4 == 'value_73',
957,attr_0 == 'value_18' , attr_2 == 'value_53',
958,attr_2 == 'value_98' , attr_4 == 'value_6',
959,attr_0 == 'value_77' , attr_1 == 'value_74',
960,attr_1 == 'value_60' , attr_2 == 'value_39',
961,attr_0 == 'value_66' , attr_4 == 'value_86',
962,attr_2 == 'value_45' , attr_3 == 'value_40',
963,attr_0 == 'value_49' , attr_3 == 'value_93',
964,attr_0 == 'value_74' , attr_4 == 'value_73',
965,attr_1 == 'value_19' , attr_3 == 'value_99',
966,attr_2 == 'value_69' , attr_3 == 'value_54',
967,attr_0 == 'value_76' , attr_4 == 'value_19',
968,attr_0 == 'value_79' , attr_2 == 'value_63',
969,attr_0 == 'value_66' , attr_2 == 'value_66',
970,attr_0 == 'value_92' , attr_2 == 'value_99',
971,attr_3 == 'value_55' , attr_4 == 'value_85',
972,attr_1 == 'value_3' , attr_3 == 'value_38',
973,attr_1 == 'value_80' , attr_4 == 'value_13',
974,attr_0 == 'value_22' , attr_4 == 'value_18',
975,attr_2 == 'value_92' , attr_4 == 'value_34',
976,attr_0 == 'value_81' , attr_4 == 'value_88',
977,attr_1 == 'value_64' , attr_3 == 'value_81',
978,attr_1 == 'value_30' , attr_4 == 'value_33',
979,attr_0 == 'value_65' , attr_2 == 'value_26',
980,attr_0 == 'value_37' , attr_3 == 'value_83',
981,attr_2 == 'value_90' , attr_4 == 'value_22',
982,attr_1 == 'value_31' , attr_3 == 'value_48',
983,attr_0 == 'value_69' , attr_1 == 'value_50',
984,attr_1 == 'value_41' , attr_3 == 'value_0',
985,attr_2 == 'value_81' , attr_4 == 'value_7',
986,attr_2 == 'value_44' , attr_3 == 'value_22',
987,attr_0 == 'value_95' , attr_3 == 'value_6',
988,attr_1 == 'value_34' , attr_2 == 'value_61',
989,attr_1 == 'value_61' , attr_3 == 'value_96',
990,attr_1 == 'value_67' , attr_2 == 'value_31',
991,attr_0 == 'value_28' , attr_3 == 'value_52',
992,attr_1 == 'value_5',,
993,attr_2 == 'value_48' , attr_4 == 'value_4',
994,attr_1 == 'value_34' , attr_3 == 'value_88',
995,attr_1 == 'value_7' , attr_2 == 'value_15',
996,attr_2 == 'value_77' , attr_3 == 'value_93',
997,attr_3 == 'value_90' , attr_4 == 'value_71',
998,attr_1 == 'value_58' , attr_3 == 'value_18',
999,attr_0 == 'value_70' , attr_4 == 'value_62',
1000,attr_0 == 'value_18' , attr_1 == 'value_85',
1001,attr_2 == 'value_99' , attr_4 == 'value_52',
1002,attr_0 == 'value_86' , attr_2 == 'value_99',
1003,attr_0 == 'value_5' , attr_2 == 'value_16',
1004,attr_0 == 'value_52' , attr_1 == 'value_7',
1005,attr_0 == 'value_43' , attr_2 == 'value_49',
1006,attr_2 == 'value_2' , attr_3 == 'value_13',
1007,attr_3 == 'value_84' , attr_4 == 'value_36',
1008,attr_1 == 'value_91' , attr_4 == 'value_71',
1009,attr_0 == 'value_52' , attr_2 == 'value_49',
1010,attr_3 == 'value_31' , attr_4 == 'value_35',
1011,attr_3 == 'value_17' , attr_4 == 'value_69',
1012,attr_1 == 'value_70' , attr_2 == 'value_75',
1013,attr_1 == 'value_82' , attr_2 == 'value_93',
1014,attr_2 == 'value_26' , attr_3 == 'value_32',
1015,attr_2 == 'value_99' , attr_4 == 'value_62',
1016,attr_0 == 'value_45' , attr_3 == 'value_84',
1017,attr_1 == 'value_62' , attr_3 == 'value_48',
1018,attr_0 == 'value_33' , attr_2 == 'value_52',
1019,attr_0 == 'value_10' , attr_2 == 'value_67',
1020,attr_0 == 'value_42' , attr_4 == 'value_47',
1021,attr_0 == 'value_2' , attr_1 == 'value_20',
1022,attr_0 == 'value_3' , attr_3 == 'value_37',
1023,attr_0 == 'value_23' , attr_1 == 'value_72',
1024,attr_0 == 'value_84' , attr_4 == 'value_68',
1025,attr_1 == 'value_11' , attr_3 == 'value_71',
1026,attr_0 == 'value_24' , attr_1 == 'value_99',
1027,attr_0 == 'value_99' , attr_1 == 'value_17',
1028,attr_2 == 'value_92' , attr_4 == 'value_5',
1029,attr_3 == 'value_11' , attr_4 == 'value_78',
1030,attr_0 == 'value_66' , attr_4 == 'value_89',
1031,attr_1 == 'value_8' , attr_3 == 'value_63',
1032,attr_0 == 'value_61' , attr_2 == 'value_22',
1033,attr_1 == 'value_99' , attr_3 == 'value_12',
1034,attr_1 == 'value_12' , attr_4 == 'value_21',
1035,attr_1 == 'value_83' , attr_4 == 'value_77',
1036,attr_0 == 'value_73' , attr_2 == 'value_6',
1037,attr_1 == 'value_86' , attr_2 == 'value_48',
1038,attr_1 == 'value_23' , attr_2 == 'value_87',
1039,attr_0 == 'value_60' , attr_4 == 'value_93',
1040,attr_0 == 'value_2' , attr_3 == 'value_0',
1041,attr_3 == 'value_68' , attr_4 == 'value_18',
1042,attr_0 == 'value_95' , attr_1 == 'value_33',
1043,attr_3 == 'value_4' , attr_4 == 'value_39',
1044,attr_2 == 'value_63' , attr_3 == 'value_6',
1045,attr_0 == 'value_24' , attr_4 == 'value_33',
1046,attr_3 == 'value_33' , attr_4 == 'value_53',
1047,attr_2 == 'value_4' , attr_4 == 'value_70',
1048,attr_3 == 'value_66' , attr_4 == 'value_40',
1049,attr_2 == 'value_9' , attr_4 == 'value_36',
1050,attr_0 == 'value_33' , attr_4 == 'value_70',
1051,attr_2 == 'value_75' , attr_3 == 'value_12',
1052,attr_1 == 'value_78' , attr_4 == 'value_40',
1053,attr_1 == 'value_30' , attr_4 == 'value_83',
1054,attr_2 == 'value_33' , attr_4 == 'value_67',
1055,attr_0 == 'value_53' , attr_1 == 'value_41',
1056,attr_3 == 'value_32' , attr_4 == 'value_20',
1057,attr_1 == 'value_3' , attr_3 == 'value_28',
1058,attr_2 == 'value_87' , attr_4 == 'value_50',
1059,attr_1 == 'value_62' , attr_2 == 'value_17',
1060,attr_3 == 'value_79' , attr_4 == 'value_52',
1061,attr_2 == 'value_34' , attr_3 == 'value_96',
1062,attr_0 == 'value_26' , attr_2 == 'value_61',
1063,attr_0 == 'value_46' , attr_1 == 'value_55',
1064,attr_1 == 'value_67' , attr_4 == 'value_36',
1065,attr_1 == 'value_35' , attr_3 == 'value_25',
1066,attr_0 == 'value_14' , attr_3 == 'value_90',
1067,attr_0 == 'value_26' , attr_1 == 'value_63',
1068,attr_0 == 'value_63' , attr_4 == 'value_41',
1069,attr_1 == 'value_80' , attr_2 == 'value_77',
1070,attr_0 == 'value_68' , attr_3 == 'value_72',
1071,attr_3 == 'value_86' , attr_4 == 'value_49',
1072,attr_0 == 'value_31' , attr_1 == 'value_85',
1073,attr_3 == 'value_24' , attr_4 == 'value_4',
1074,attr_0 == 'value_74' , attr_3 == 'value_92',
1075,attr_1 == 'value_2' , attr_2 == 'value_41',
1076,attr_2 == 'value_49' , attr_4 == 'value_97',
1077,attr_0 == 'value_93' , attr_1 == 'value_9',
1078,attr_2 == 'value_80' , attr_3 == 'value_23',
1079,attr_0 == 'value_99' , attr_2 == 'value_72' , attr_3 == 'value_3'
1080,attr_1 == 'value_99' , attr_2 == 'value_88',
1081,attr_0 == 'value_67' , attr_4 == 'value_98',
1082,attr_0 == 'value_38' , attr_2 == 'value_5',
1083,attr_0 == 'value_5' , attr_3 == 'value_40',
1084,attr_2 == 'value_14' , attr_3 == 'value_54',
1085,attr_1 == 'value_15' , attr_3 == 'value_18',
1086,attr_0 == 'value_24' , attr_4 == 'value_28',
1087,attr_0 == 'value_11' , attr_2 == 'value_80',
1088,attr_1 == 'value_10' , attr_2 == 'value_82',
1089,attr_0 == 'value_16' , attr_1 == 'value_6' , attr_4 == 'value_65'
1090,attr_1 == 'value_60' , attr_4 == 'value_80',
1091,attr_1 == 'value_90' , attr_4 == 'value_54',
1092,attr_0 == 'value_32' , attr_4 == 'value_95',
1093,attr_2 == 'value_34' , attr_4 == 'value_43',
1094,attr_0 == 'value_98' , attr_2 == 'value_6',
1095,attr_1 == 'value_99' , attr_3 == 'value_70',
1096,attr_1 == 'value_77' , attr_2 == 'value_96',
1097,attr_0 == 'value_78' , attr_2 == 'value_4',
1098,attr_1 == 'value_23' , attr_2 == 'value_4',
1099,attr_2 == 'value_72' , attr_4 == 'value_84',
1100,attr_2 == 'value_95' , attr_4 == 'value_56',
1101,attr_2 == 'value_6' , attr_3 == 'value_40',
1102,attr_2 == 'value_27' , attr_3 == 'value_0',
1103,attr_0 == 'value_77' , attr_2 == 'value_76',
1104,attr_0 == 'value_49' , attr_3 == 'value_43',
1105,attr_0 == 'value_36' , attr_1 == 'value_84',
1106,attr_1 == 'value_20' , attr_2 == 'value_53',
1107,attr_3 == 'value_53' , attr_4 == 'value_75',
1108,attr_2 == 'value_70' , attr_3 == 'value_23',
1109,attr_0 == 'value_49' , attr_1 == 'value_24',
1110,attr_1 == 'value_14' , attr_3 == 'value_10',
1111,attr_3 == 'value_77' , attr_4 == 'value_88',
1112,attr_0 == 'value_19' , attr_4 == 'value_4',
1113,attr_3 == 'value_76' , attr_4 == 'value_12',
1114,attr_0 == 'value_93' , attr_3 == 'value_78',
1115,attr_0 == 'value_22' , attr_1 == 'value_44',
1116,attr_1 == 'value_54' , attr_4 == 'value_43',
1117,attr_0 == 'value_23' , attr_2 == 'value_37',
1118,attr_1 == 'value_43' , attr_4 == 'value_71',
1119,attr_0 == 'value_23' , attr_2 == 'value_64',
1120,attr_1 == 'value_83' , attr_4 == 'value_39',
1121,attr_0 == 'value_50' , attr_3 == 'value_69',
1122,attr_2 == 'value_4' , attr_4 == 'value_59',
1123,attr_2 == 'value_57' , attr_3 == 'value_28',
1124,attr_1 == 'value_83' , attr_2 == 'value_35',
1125,attr_0 == 'value_54' , attr_4 == 'value_16',
1126,attr_0 == 'value_46' , attr_2 == 'value_43',
1127,attr_0 == 'value_56' , attr_1 == 'value_37',
1128,attr_2 == 'value_27' , attr_4 == 'value_46',
1129,attr_0 == 'value_30' , attr_3 == 'value_88',
1130,attr_2 == 'value_84' , attr_4 == 'value_73',
1131,attr_1 == 'value_60' , attr_2 == 'value_43',
1132,attr_0 == 'value_93' , attr_4 == 'value_31',
1133,attr_0 == 'value_0' , attr_2 == 'value_88',
1134,attr_1 == 'value_66' , attr_4 == 'value_72',
1135,attr_0 == 'value_6' , attr_2 == 'value_68',
1136,attr_0 == 'value_73' , attr_3 == 'value_19',
1137,attr_3 == 'value_65' , attr_4 == 'value_74',
1138,attr_0 == 'value_12' , attr_1 == 'value_52',
1139,attr_1 == 'value_70' , attr_3 == 'value_70',
1140,attr_0 == 'value_67' , attr_4 == 'value_25',
1141,attr_3 == 'value_10' , attr_4 == 'value_50',
1142,attr_3 == 'value_21' , attr_4 == 'value_33',
1143,attr_0 == 'value_43' , attr_3 == 'value_64',
1144,attr_0 == 'value_32' , attr_1 == 'value_96',
1145,attr_0 == 'value_27' , attr_1 == 'value_84',
1146,attr_0 == 'value_30' , attr_3 == 'value_37',
1147,attr_2 == 'value_2' , attr_3 == 'value_87',
1148,attr_0 == 'value_15' , attr_3 == 'value_68',
1149,attr_0 == 'value_61' , attr_3 == 'value_20',
1150,attr_0 == 'value_12' , attr_4 == 'value_90',
1151,attr_1 == 'value_64' , attr_2 == 'value_52',
1152,attr_1 == 'value_88' , attr_2 == 'value_96',
1153,attr_1 == 'value_51' , attr_3 == 'value_59' , attr_4 == 'value_50'
1154,attr_0 == 'value_18' , attr_2 == 'value_51',
1155,attr_1 == 'value_94' , attr_4 == 'value_77',
1156,attr_0 == 'value_73' , attr_4 == 'value_47',
1157,attr_1 == 'value_47' , attr_3 == 'value_44',
1158,attr_1 == 'value_18' , attr_3 == 'value_18',
1159,attr_1 == 'value_13' , attr_3 == 'value_30',
1160,attr_0 == 'value_78' , attr_3 == 'value_84',
1161,attr_2 == 'value_61' , attr_4 == 'value_80',
1162,attr_0 == 'value_27' , attr_1 == 'value_82',
1163,attr_3 == 'value_92' , attr_4 == 'value_80',
1164,attr_0 == 'value_86' , attr_1 == 'value_49',
1165,attr_2 == 'value_79' , attr_4 == 'value_12',
1166,attr_0 == 'value_63' , attr_3 == 'value_2',
1167,attr_1 == 'value_20' , attr_3 == 'value_68',
1168,attr_1 == 'value_31' , attr_4 == 'value_46',
1169,attr_0 == 'value_31' , attr_1 == 'value_64',
1170,attr_0 == 'value_30' , attr_2 == 'value_1',
1171,attr_0 == 'value_36' , attr_2 == 'value_84',
1172,attr_1 == 'value_87' , attr_3 == 'value_0',
1173,attr_0 == 'value_79' , attr_2 == 'value_28',
1174,attr_1 == 'value_38' , attr_3 == 'value_10',
1175,attr_2 == 'value_1' , attr_3 == 'value_71',
1176,attr_3 == 'value_23' , attr_4 == 'value_43',
1177,attr_0 == 'value_96' , attr_4 == 'value_7',
1178,attr_2 == 'value_8' , attr_3 == 'value_97',
1179,attr_1 == 'value_8' , attr_2 == 'value_43',
1180,attr_0 == 'value_1' , attr_2 == 'value_80',
1181,attr_0 == 'value_17' , attr_1 == 'value_76',
1182,attr_0 == 'value_46' , attr_3 == 'value_51' , attr_4 == 'value_87'
1183,attr_1 == 'value_7' , attr_4 == 'value_70',
1184,attr_2 == 'value_16' , attr_3 == 'value_45',
1185,attr_0 == 'value_26' , attr_3 == 'value_35',
1186,attr_3 == 'value_77' , attr_4 == 'value_69',
1187,attr_0 == 'value_30' , attr_2 == 'value_59',
1188,attr_3 == 'value_28' , attr_4 == 'value_50',
1189,attr_1 == 'value_43' , attr_2 == 'value_90',
1190,attr_0 == 'value_73' , attr_4 == 'value_29',
1191,attr_1 == 'value_88' , attr_2 == 'value_21',
1192,attr_1 == 'value_27' , attr_3 == 'value_66',
1193,attr_3 == 'value_14' , attr_4 == 'value_68',
1194,attr_0 == 'value_57' , attr_2 == 'value_53',
1195,attr_3 == 'value_71' , attr_4 == 'value_60',
1196,attr_0 == 'value_50' , attr_3 == 'value_80',
1197,attr_1 == 'value_10' , attr_4 == 'value_4',
1198,attr_1 == 'value_31' , attr_4 == 'value_77',
1199,attr_2 == 'value_81' , attr_4 == 'value_63',
1200,attr_2 == 'value_8' , attr_3 == 'value_93',
1201,attr_0 == 'value_33' , attr_3 == 'value_33',
1202,attr_0 == 'value_24' , attr_2 == 'value_60',
1203,attr_0 == 'value_46' , attr_4 == 'value_22',
1204,attr_1 == 'value_49' , attr_2 == 'value_17',
1205,attr_1 == 'value_42' , attr_3 == 'value_44',
1206,attr_2 == 'value_85' , attr_4 == 'value_18',
1207,attr_2 == 'value_73' , attr_4 == 'value_64',
1208,attr_0 == 'value_55' , attr_2 == 'value_64',
1209,attr_0 == 'value_49' , attr_3 == 'value_14',
1210,attr_0 == 'value_76' , attr_2 == 'value_49',
1211,attr_1 == 'value_11' , attr_2 == 'value_67',
1212,attr_0 == 'value_79' , attr_2 == 'value_52' , attr_4 == 'value_31'
1213,attr_2 == 'value_1' , attr_4 == 'value_18',
1214,attr_2 == 'value_71' , attr_4 == 'value_63',
1215,attr_1 == 'value_65' , attr_4 == 'value_57',
1216,attr_2 == 'value_89' , attr_4 == 'value_76',
1217,attr_0 == 'value_98' , attr_1 == 'value_39',
1218,attr_2 == 'value_42' , attr_4 == 'value_36',
1219,attr_0 == 'value_50' , attr_3 == 'value_53',
1220,attr_3 == 'value_57' , attr_4 == 'value_47',
1221,attr_0 == 'value_3' , attr_3 == 'value_8',
1222,attr_0 == 'value_10' , attr_1 == 'value_54',
1223,attr_1 == 'value_31' , attr_4 == 'value_35',
1224,attr_3 == 'value_3' , attr_4 == 'value_24',
1225,attr_0 == 'value_95' , attr_2 == 'value_99',
1226,attr_1 == 'value_29' , attr_3 == 'value_94',
1227,attr_1 == 'value_71' , attr_3 == 'value_87',
1228,attr_2 == 'value_69' , attr_3 == 'value_27',
1229,attr_1 == 'value_56' , attr_4 == 'value_86',
1230,attr_1 == 'value_53' , attr_2 == 'value_46',
1231,attr_1 == 'value_51' , attr_2 == 'value_98',
1232,attr_0 == 'value_40' , attr_1 == 'value_16',
1233,attr_0 == 'value_92' , attr_2 == 'value_50',
1234,attr_0 == 'value_98' , attr_1 == 'value_19',
1235,attr_3 == 'value_92' , attr_4 == 'value_51',
1236,attr_0 == 'value_40' , attr_1 == 'value_12',
1237,attr_0 == 'value_24' , attr_1 == 'value_8',
1238,attr_1 == 'value_24' , attr_3 == 'value_14',
1239,attr_1 == 'value_53' , attr_4 == 'value_52',
1240,attr_0 == 'value_60' , attr_1 == 'value_9',
1241,attr_1 == 'value_89' , attr_2 == 'value_94',
1242,attr_0 == 'value_31' , attr_2 == 'value_87',
1243,attr_2 == 'value_75' , attr_3 == 'value_21',
1244,attr_1 == 'value_88' , attr_4 == 'value_87',
1245,attr_1 == 'value_53' , attr_4 == 'value_96',
1246,attr_1 == 'value_23' , attr_3 == 'value_2',
1247,attr_2 == 'value_1' , attr_4 == 'value_65',
1248,attr_1 == 'value_62' , attr_3 == 'value_95',
1249,attr_1 == 'value_91' , attr_4 == 'value_28',
1250,attr_1 == 'value_64' , attr_4 == 'value_38',
1251,attr_1 == 'value_45' , attr_3 == 'value_29',
1252,attr_0 == 'value_11' , attr_2 == 'value_9',
1253,attr_1 == 'value_85' , attr_4 == 'value_32',
1254,attr_1 == 'value_19' , attr_4 == 'value_61',
1255,attr_2 == 'value_9' , attr_3 == 'value_38',
1256,attr_2 == 'value_8' , attr_4 == 'value_14',
1257,attr_1 == 'value_48' , attr_3 == 'value_61',
1258,attr_1 == 'value_43' , attr_2 == 'value_96',
1259,attr_1 == 'value_41' , attr_3 == 'value_41',
1260,attr_0 == 'value_55' , attr_4 == 'value_7',
1261,attr_1 == 'value_96' , attr_4 == 'value_20',
1262,attr_1 == 'value_0' , attr_3 == 'value_61',
1263,attr_1 == 'value_6' , attr_4 == 'value_79',
1264,attr_0 == 'value_71' , attr_2 == 'value_12',
1265,attr_2 == 'value_72' , attr_4 == 'value_0',
1266,attr_0 == 'value_21' , attr_1 == 'value_99' , attr_2 == 'value_74'
1267,attr_1 == 'value_17' , attr_2 == 'value_99',
1268,attr_3 == 'value_8' , attr_4 == 'value_33',
1269,attr_1 == 'value_49' , attr_2 == 'value_33',
1270,attr_2 == 'value_44' , attr_3 == 'value_6',
1271,attr_1 == 'value_78' , attr_2 == 'value_99',
1272,attr_3 == 'value_1' , attr_4 == 'value_10',
1273,attr_0 == 'value_82' , attr_3 == 'value_1',
1274,attr_0 == 'value_57' , attr_3 == 'value_13',
1275,attr_3 == 'value_78' , attr_4 == 'value_99',
1276,attr_1 == 'value_93' , attr_4 == 'value_54',
1277,attr_0 == 'value_46' , attr_3 == 'value_84',
1278,attr_2 == 'value_93' , attr_4 == 'value_31',
1279,attr_1 == 'value_41' , attr_2 == 'value_69',
1280,attr_2 == 'value_23' , attr_4 == 'value_75',
1281,attr_0 == 'value_41' , attr_2 == 'value_0',
1282,attr_2 == 'value_32' , attr_3 == 'value_6',
1283,attr_1 == 'value_86' , attr_2 == 'value_5',
1284,attr_1 == 'value_37' , attr_4 == 'value_49',
1285,attr_0 == 'value_97' , attr_2 == 'value_97',
1286,attr_1 == 'value_32' , attr_2 == 'value_56',
1287,attr_3 == 'value_60' , attr_4 == 'value_45',
1288,attr_1 == 'value_28' , attr_4 == 'value_80',
1289,attr_3 == 'value_95' , attr_4 == 'value_17',
1290,attr_0 == 'value_73' , attr_2 == 'value_95',
1291,attr_0 == 'value_96' , attr_1 == 'value_57',
1292,attr_0 == 'value_27' , attr_2 == 'value_23',
1293,attr_1 == 'value_2' , attr_3 == 'value_27',
1294,attr_0 == 'value_95' , attr_2 == 'value_93',
1295,attr_1 == 'value_48' , attr_3 == 'value_94',
1296,attr_0 == 'value_67' , attr_2 == 'value_1',
1297,attr_1 == 'value_53' , attr_2 == 'value_76',
1298,attr_0 == 'value_12' , attr_2 == 'value_90',
1299,attr_3 == 'value_67' , attr_4 == 'value_13',
1300,attr_1 == 'value_18' , attr_4 == 'value_92',
1301,attr_3 == 'value_90' , attr_4 == 'value_87',
1302,attr_1 == 'value_55' , attr_4 == 'value_58',
1303,attr_0 == 'value_90' , attr_2 == 'value_38',
1304,attr_0 == 'value_8' , attr_3 == 'value_16',
1305,attr_1 == 'value_81' , attr_4 == 'value_7',
1306,attr_3 == 'value_70' , attr_4 == 'value_7',
1307,attr_1 == 'value_50' , attr_2 == 'value_1',
1308,attr_1 == 'value_59' , attr_4 == 'value_55',
1309,attr_0 == 'value_0' , attr_1 == 'value_15',
1310,attr_1 == 'value_95' , attr_3 == 'value_6',
1311,attr_3 == 'value_84' , attr_4 == 'value_96',
1312,attr_1 == 'value_79' , attr_3 == 'value_45',
1313,attr_2 == 'value_48' , attr_4 == 'value_83',
1314,attr_1 == 'value_20' , attr_2 == 'value_61',
1315,attr_1 == 'value_20' , attr_4 == 'value_83',
1316,attr_1 == 'value_16' , attr_2 == 'value_56',
1317,attr_0 == 'value_6' , attr_2 == 'value_50',
1318,attr_3 == 'value_84' , attr_4 == 'value_68',
1319,attr_1 == 'value_43' , attr_3 == 'value_77',
1320,attr_1 == 'value_72' , attr_3 == 'value_98',
1321,attr_1 == 'value_99' , attr_3 == 'value_20',
1322,attr_3 == 'value_96' , attr_4 == 'value_24',
1323,attr_1 == 'value_75' , attr_4 == 'value_61',
1324,attr_0 == 'value_66' , attr_4 == 'value_13',
1325,attr_1 == 'value_31' , attr_3 == 'value_8',
1326,attr_0 == 'value_62' , attr_2 == 'value_98',
1327,attr_2 == 'value_18' , attr_4 == 'value_30',
1328,attr_1 == 'value_48' , attr_3 == 'value_67',
1329,attr_1 == 'value_43' , attr_3 == 'value_60',
1330,attr_1 == 'value_27' , attr_3 == 'value_95',
1331,attr_2 == 'value_33' , attr_3 == 'value_73',
1332,attr_2 == 'value_76' , attr_4 == 'value_5',
1333,attr_1 == 'value_12' , attr_4 == 'value_87',
1334,attr_0 == 'value_15' , attr_4 == 'value_26',
1335,attr_2 == 'value_24' , attr_4 == 'value_72',
1336,attr_1 == 'value_56' , attr_4 == 'value_42',
1337,attr_0 == 'value_30' , attr_3 == 'value_7' , attr_4 == 'value_65'
1338,attr_1 == 'value_19' , attr_3 == 'value_43',
1339,attr_1 == 'value_12' , attr_3 == 'value_87',
1340,attr_2 == 'value_21' , attr_3 == 'value_17',
1341,attr_0 == 'value_79' , attr_1 == 'value_84',
1342,attr_1 == 'value_41' , attr_3 == 'value_84',
1343,attr_0 == 'value_39' , attr_1 == 'value_91',
1344,attr_1 == 'value_65' , attr_2 == 'value_84',
1345,attr_0 == 'value_59' , attr_3 == 'value_30',
1346,attr_0 == 'value_56' , attr_2 == 'value_46',
1347,attr_1 == 'value_21' , attr_2 == 'value_33',
1348,attr_0 == 'value_8' , attr_1 == 'value_65',
1349,attr_3 == 'value_52' , attr_4 == 'value_5',
1350,attr_0 == 'value_96' , attr_2 == 'value_87',
1351,attr_1 == 'value_93' , attr_4 == 'value_44',
1352,attr_2 == 'value_74' , attr_4 == 'value_97',
1353,attr_0 == 'value_15' , attr_3 == 'value_71',
1354,attr_1 == 'value_13' , attr_2 == 'value_8',
1355,attr_1 == 'value_91' , attr_2 == 'value_6',
1356,attr_0 == 'value_36' , attr_2 == 'value_25',
1357,attr_1 == 'value_20' , attr_2 == 'value_85',
1358,attr_3 == 'value_49' , attr_4 == 'value_1',
1359,attr_1 == 'value_29' , attr_3 == 'value_7',
1360,attr_1 == 'value_50' , attr_4 == 'value_92',
1361,attr_2 == 'value_81' , attr_4 == 'value_89',
1362,attr_1 == 'value_72' , attr_2 == 'value_31',
1363,attr_0 == 'value_70' , attr_3 == 'value_27',
1364,attr_0 == 'value_22' , attr_1 == 'value_67',
1365,attr_0 == 'value_69' , attr_1 == 'value_80',
1366,attr_2 == 'value_89' , attr_3 == 'value_59',
1367,attr_1 == 'value_52' , attr_3 == 'value_70',
1368,attr_1 == 'value_31' , attr_2 == 'value_11',
1369,attr_2 == 'value_2' , attr_3 == 'value_63',
1370,attr_1 == 'value_31' , attr_4 == 'value_36',
1371,attr_3 == 'value_87' , attr_4 == 'value_1',
1372,attr_2 == 'value_72' , attr_3 == 'value_27',
1373,attr_3 == 'value_27' , attr_4 == 'value_39',
1374,attr_1 == 'value_73' , attr_3 == 'value_91',
1375,attr_2 == 'value_47' , attr_3 == 'value_49',
1376,attr_2 == 'value_46' , attr_4 == 'value_4',
1377,attr_3 == 'value_14' , attr_4 == 'value_99',
1378,attr_0 == 'value_96' , attr_2 == 'value_86',
1379,attr_1 == 'value_66' , attr_2 == 'value_30',
1380,attr_2 == 'value_90' , attr_3 == 'value_51',
1381,attr_2 == 'value_25' , attr_4 == 'value_92',
1382,attr_1 == 'value_43' , attr_4 == 'value_60',
1383,attr_0 == 'value_63' , attr_3 == 'value_95',
1384,attr_0 == 'value_18' , attr_3 == 'value_68',
1385,attr_0 == 'value_72' , attr_2 == 'value_51',
1386,attr_0 == 'value_12' , attr_1 == 'value_66',
1387,attr_1 == 'value_77' , attr_3 == 'value_47',
1388,attr_1 == 'value_33' , attr_4 == 'value_64',
1389,attr_2 == 'value_63' , attr_4 == 'value_60',
1390,attr_0 == 'value_32' , attr_1 == 'value_72',
1391,attr_0 == 'value_91' , attr_4 == 'value_18',
1392,attr_0 == 'value_40' , attr_4 == 'value_66',
1393,attr_1 == 'value_11' , attr_3 == 'value_14',
1394,attr_0 == 'value_7' , attr_2 == 'value_29',
1395,attr_3 == 'value_63' , attr_4 == 'value_80',
1396,attr_0 == 'value_65' , attr_4 == 'value_9',
1397,attr_0 == 'value_14' , attr_1 == 'value_89',
1398,attr_0 == 'value_1' , attr_3 == 'value_28',
1399,attr_0 == 'value_57' , attr_4 == 'value_98',
1400,attr_2 == 'value_28' , attr_4 == 'value_20',
1401,attr_0 == 'value_51' , attr_2 == 'value_98',
1402,attr_0 == 'value_53' , attr_1 == 'value_27',
1403,attr_2 == 'value_52' , attr_4 == 'value_46',
1404,attr_2 == 'value_62' , attr_3 == 'value_74',
1405,attr_1 == 'value_76' , attr_2 == 'value_68',
1406,attr_2 == 'value_62' , attr_4 == 'value_6',
1407,attr_2 == 'value_40' , attr_3 == 'value_2',
1408,attr_0 == 'value_27' , attr_4 == 'value_11',
1409,attr_3 == 'value_87' , attr_4 == 'value_57',
1410,attr_1 == 'value_24' , attr_2 == 'value_34',
1411,attr_0 == 'value_8' , attr_3 == 'value_22',
1412,attr_2 == 'value_40' , attr_4 == 'value_87',
1413,attr_0 == 'value_4' , attr_2 == 'value_21',
1414,attr_2 == 'value_23' , attr_4 == 'value_35',
1415,attr_1 == 'value_14' , attr_2 == 'value_27',
1416,attr_3 == 'value_92' , attr_4 == 'value_25',
1417,attr_0 == 'value_43' , attr_1 == 'value_40',
1418,attr_0 == 'value_83' , attr_2 == 'value_53',
1419,attr_3 == 'value_13' , attr_4 == 'value_77',
1420,attr_1 == 'value_8' , attr_2 == 'value_72',
1421,attr_0 == 'value_75' , attr_4 == 'value_56',
1422,attr_0 == 'value_50' , attr_2 == 'value_23',
1423,attr_0 == 'value_4' , attr_2 == 'value_4',
1424,attr_2 == 'value_44' , attr_3 == 'value_3',
1425,attr_2 == 'value_53' , attr_3 == 'value_32',
1426,attr_3 == 'value_70' , attr_4 == 'value_58',
1427,attr_2 == 'value_11' , attr_3 == 'value_26',
1428,attr_1 == 'value_22' , attr_3 == 'value_72',
1429,attr_0 == 'value_88' , attr_1 == 'value_98',
1430,attr_0 == 'value_30' , attr_2 == 'value_81',
1431,attr_3 == 'value_99' , attr_4 == 'value_68',
1432,attr_0 == 'value_77' , attr_3 == 'value_42',
1433,attr_3 == 'value_31' , attr_4 == 'value_19',
1434,attr_2 == 'value_58' , attr_3 == 'value_47',
1435,attr_1 == 'value_6' , attr_3 == 'value_64',
1436,attr_0 == 'value_51' , attr_1 == 'value_72',
1437,attr_0 == 'value_24' , attr_1 == 'value_73',
1438,attr_1 == 'value_4' , attr_4 == 'value_13',
1439,attr_0 == 'value_30' , attr_2 == 'value_79',
1440,attr_3 == 'value_21' , attr_4 == 'value_88',
1441,attr_1 == 'value_21' , attr_3 == 'value_64',
1442,attr_3 == 'value_26' , attr_4 == 'value_85',
1443,attr_3 == 'value_56' , attr_4 == 'value_77',
1444,attr_0 == 'value_26' , attr_3 == 'value_79',
1445,attr_0 == 'value_4' , attr_4 == 'value_59',
1446,attr_0 == 'value_65' , attr_3 == 'value_20',
1447,attr_1 == 'value_57' , attr_3 == 'value_31',
1448,attr_1 == 'value_18' , attr_2 == 'value_26',
1449,attr_0 == 'value_2' , attr_4 == 'value_71',
1450,attr_2 == 'value_42' , attr_3 == 'value_95',
1451,attr_1 == 'value_24' , attr_3 == 'value_48',
1452,attr_2 == 'value_93' , attr_4 == 'value_82',
1453,attr_1 == 'value_11' , attr_2 == 'value_72',
1454,attr_2 == 'value_56' , attr_4 == 'value_72',
1455,attr_0 == 'value_74' , attr_3 == 'value_40',
1456,attr_0 == 'value_51' , attr_2 == 'value_89',
1457,attr_0 == 'value_5' , attr_1 == 'value_99',
1458,attr_2 == 'value_89' , attr_3 == 'value_29',
1459,attr_3 == 'value_57' , attr_4 == 'value_46',
1460,attr_1 == 'value_29' , attr_3 == 'value_11',
1461,attr_3 == 'value_78' , attr_4 == 'value_34',
1462,attr_1 == 'value_39' , attr_4 == 'value_52',
1463,attr_1 == 'value_10' , attr_3 == 'value_94',
1464,attr_0 == 'value_96' , attr_1 == 'value_35',
1465,attr_0 == 'value_97' , attr_4 == 'value_80',
1466,attr_0 == 'value_34' , attr_4 == 'value_76',
1467,attr_1 == 'value_20' , attr_3 == 'value_17',
1468,attr_2 == 'value_93' , attr_4 == 'value_65',
1469,attr_0 == 'value_82' , attr_4 == 'value_52',
1470,attr_0 == 'value_7' , attr_3 == 'value_23',
1471,attr_1 == 'value_12' , attr_3 == 'value_22',
1472,attr_2 == 'value_86' , attr_4 == 'value_3',
1473,attr_3 == 'value_71' , attr_4 == 'value_15',
1474,attr_2 == 'value_53' , attr_3 == 'value_83',
1475,attr_1 == 'value_54' , attr_4 == 'value_94',
1476,attr_2 == 'value_24' , attr_4 == 'value_17',
1477,attr_2 == 'value_27' , attr_4 == 'value_98',
1478,attr_0 == 'value_99' , attr_4 == 'value_96',
1479,attr_2 == 'value_41' , attr_4 == 'value_38',
1480,attr_1 == 'value_52' , attr_2 == 'value_0',
1481,attr_0 == 'value_65' , attr_2 == 'value_90',
1482,attr_0 == 'value_15' , attr_4 == 'value_89',
1483,attr_1 == 'value_84' , attr_2 == 'value_89',
1484,attr_1 == 'value_84' , attr_4 == 'value_71',
1485,attr_3 == 'value_52' , attr_4 == 'value_52',
1486,attr_1 == 'value_88' , attr_4 == 'value_72',
1487,attr_0 == 'value_25' , attr_1 == 'value_80',
1488,attr_0 == 'value_41' , attr_3 == 'value_57',
1489,attr_0 == 'value_62' , attr_1 == 'value_93',
1490,attr_1 == 'value_46' , attr_4 == 'value_60',
1491,attr_3 == 'value_18' , attr_4 == 'value_69',
1492,attr_2 == 'value_3' , attr_3 == 'value_90',
1493,attr_0 == 'value_56' , attr_1 == 'value_15',
1494,attr_0 == 'value_73' , attr_4 == 'value_43',
1495,attr_1 == 'value_66' , attr_4 == 'value_32',
1496,attr_0 == 'value_4' , attr_1 == 'value_82',
1497,attr_0 == 'value_76' , attr_2 == 'value_93',
1498,attr_1 == 'value_17' , attr_2 == 'value_53',
1499,attr_2 == 'value_0' , attr_4 == 'value_28',
1500,attr_0 == 'value_3' , attr_2 == 'value_15',
1501,attr_1 == 'value_59' , attr_2 == 'value_46' , attr_3 == 'value_28'
1502,attr_1 == 'value_85' , attr_4 == 'value_7',
1503,attr_1 == 'value_89' , attr_4 == 'value_82',
1504,attr_0 == 'value_73' , attr_1 == 'value_86',
1505,attr_0 == 'value_34' , attr_1 == 'value_63',
1506,attr_0 == 'value_89' , attr_1 == 'value_83',
1507,attr_1 == 'value_69' , attr_4 == 'value_13',
1508,attr_0 == 'value_1' , attr_1 == 'value_36',
1509,attr_1 == 'value_24' , attr_4 == 'value_45',
1510,attr_0 == 'value_94' , attr_2 == 'value_93',
1511,attr_0 == 'value_8' , attr_1 == 'value_23' , attr_4 == 'value_10'
1512,attr_1 == 'value_51' , attr_3 == 'value_33',
1513,attr_2 == 'value_27' , attr_3 == 'value_25',
1514,attr_0 == 'value_39' , attr_1 == 'value_10',
1515,attr_1 == 'value_6' , attr_2 == 'value_68',
1516,attr_2 == 'value_75' , attr_3 == 'value_48',
1517,attr_2 == 'value_62' , attr_4 == 'value_52',
1518,attr_2 == 'value_50' , attr_3 == 'value_93',
1519,attr_1 == 'value_24' , attr_4 == 'value_40',
1520,attr_1 == 'value_3' , attr_3 == 'value_83',
1521,attr_0 == 'value_32' , attr_2 == 'value_87',
1522,attr_0 == 'value_70' , attr_3 == 'value_25',
1523,attr_0 == 'value_7' , attr_2 == 'value_76',
1524,attr_0 == 'value_2' , attr_4 == 'value_53',
1525,attr_0 == 'value_91' , attr_1 == 'value_48',
1526,attr_1 == 'value_60' , attr_3 == 'value_98',
1527,attr_1 == 'value_53' , attr_3 == 'value_89',
1528,attr_3 == 'value_11' , attr_4 == 'value_30',
1529,attr_3 == 'value_64' , attr_4 == 'value_64',
1530,attr_0 == 'value_18' , attr_1 == 'value_13',
1531,attr_1 == 'value_58' , attr_3 == 'value_5',
1532,attr_0 == 'value_5' , attr_2 == 'value_60',
1533,attr_0 == 'value_45' , attr_1 == 'value_99',
1534,attr_1 == 'value_77' , attr_3 == 'value_32',
1535,attr_1 == 'value_90' , attr_2 == 'value_15',
1536,attr_1 == 'value_80' , attr_3 == 'value_99',
1537,attr_3 == 'value_89' , attr_4 == 'value_68',
1538,attr_1 == 'value_11' , attr_3 == 'value_13',
1539,attr_1 == 'value_72' , attr_2 == 'value_22',
1540,attr_2 == 'value_51' , attr_4 == 'value_58',
1541,attr_0 == 'value_7' , attr_2 == 'value_25',
1542,attr_0 == 'value_68' , attr_2 == 'value_49',
1543,attr_3 == 'value_80' , attr_4 == 'value_62',
1544,attr_0 == 'value_44' , attr_3 == 'value_31',
1545,attr_3 == 'value_55' , attr_4 == 'value_95',
1546,attr_1 == 'value_28' , attr_4 == 'value_3',
1547,attr_1 == 'value_18' , attr_4 == 'value_68',
1548,attr_2 == 'value_70' , attr_3 == 'value_11',
1549,attr_3 == 'value_31' , attr_4 == 'value_7',
1550,attr_2 == 'value_44' , attr_4 == 'value_47',
1551,attr_0 == 'value_59' , attr_2 == 'value_70',
1552,attr_0 == 'value_96' , attr_4 == 'value_64',
1553,attr_0 == 'value_10' , attr_3 == 'value_23',
1554,attr_0 == 'value_10' , attr_4 == 'value_40',
1555,attr_0 == 'value_79' , attr_3 == 'value_77',
1556,attr_0 == 'value_4' , attr_2 == 'value_60',
1557,attr_0 == 'value_58' , attr_2 == 'value_89',
1558,attr_0 == 'value_87' , attr_2 == 'value_61',
1559,attr_0 == 'value_21' , attr_2 == 'value_21' , attr_4 == 'value_63'
1560,attr_3 == 'value_85' , attr_4 == 'value_98',
1561,attr_0 == 'value_88' , attr_4 == 'value_76',
1562,attr_1 == 'value_13' , attr_3 == 'value_3',
1563,attr_3 == 'value_47' , attr_4 == 'value_90',
1564,attr_0 == 'value_71' , attr_2 == 'value_2',
1565,attr_0 == 'value_78' , attr_1 == 'value_52',
1566,attr_2 == 'value_52' , attr_4 == 'value_72',
1567,attr_3 == 'value_23' , attr_4 == 'value_52',
1568,attr_0 == 'value_92' , attr_2 == 'value_79',
1569,attr_1 == 'value_15' , attr_4 == 'value_21',
1570,attr_1 == 'value_71' , attr_3 == 'value_16',
1571,attr_1 == 'value_75' , attr_4 == 'value_99',
1572,attr_0 == 'value_11' , attr_4 == 'value_25',
1573,attr_1 == 'value_36' , attr_4 == 'value_84',
1574,attr_1 == 'value_5' , attr_4 == 'value_71',
1575,attr_1 == 'value_66' , attr_4 == 'value_79',
1576,attr_3 == 'value_22' , attr_4 == 'value_36',
1577,attr_0 == 'value_59' , attr_1 == 'value_39' , attr_3 == 'value_75'
1578,attr_0 == 'value_79' , attr_3 == 'value_47',
1579,attr_1 == 'value_18' , attr_3 == 'value_47',
1580,attr_1 == 'value_0' , attr_2 == 'value_18',
1581,attr_0 == 'value_25' , attr_4 == 'value_0',
1582,attr_0 == 'value_59' , attr_3 == 'value_69',
1583,attr_2 == 'value_69' , attr_4 == 'value_7',
1584,attr_1 == 'value_86' , attr_2 == 'value_89',
1585,attr_1 == 'value_18' , attr_4 == 'value_61',
1586,attr_1 == 'value_82' , attr_2 == 'value_54',
1587,attr_1 == 'value_24' , attr_3 == 'value_71',
1588,attr_1 == 'value_66' , attr_2 == 'value_66',
1589,attr_1 == 'value_43' , attr_3 == 'value_73',
1590,attr_2 == 'value_24' , attr_3 == 'value_68',
1591,attr_2 == 'value_84' , attr_4 == 'value_30',
1592,attr_2 == 'value_51' , attr_3 == 'value_39',
1593,attr_0 == 'value_79' , attr_1 == 'value_21',
1594,attr_0 == 'value_59' , attr_4 == 'value_46',
1595,attr_0 == 'value_27' , attr_3 == 'value_63',
1596,attr_3 == 'value_96' , attr_4 == 'value_86',
1597,attr_2 == 'value_24' , attr_3 == 'value_23',
1598,attr_0 == 'value_80' , attr_4 == 'value_24',
1599,attr_2 == 'value_95' , attr_3 == 'value_11',
1600,attr_0 == 'value_70' , attr_3 == 'value_57',
1601,attr_1 == 'value_27' , attr_3 == 'value_59',
1602,attr_3 == 'value_97' , attr_4 == 'value_78',
1603,attr_1 == 'value_26' , attr_4 == 'value_50',
1604,attr_2 == 'value_1' , attr_3 == 'value_81',
1605,attr_0 == 'value_34' , attr_2 == 'value_1',
1606,attr_1 == 'value_98' , attr_4 == 'value_74',
1607,attr_0 == 'value_2' , attr_3 == 'value_41',
1608,attr_2 == 'value_76' , attr_4 == 'value_35',
1609,attr_0 == 'value_54' , attr_4 == 'value_77',
1610,attr_0 == 'value_47' , attr_4 == 'value_69',
1611,attr_3 == 'value_21' , attr_4 == 'value_44',
1612,attr_0 == 'value_71' , attr_4 == 'value_36',
1613,attr_1 == 'value_59' , attr_2 == 'value_44',
1614,attr_1 == 'value_41' , attr_4 == 'value_42',
1615,attr_1 == 'value_88' , attr_3 == 'value_88',
1616,attr_1 == 'value_8' , attr_4 == 'value_34',
1617,attr_2 == 'value_21' , attr_4 == 'value_92',
1618,attr_1 == 'value_32' , attr_3 == 'value_50',
1619,attr_2 == 'value_76' , attr_3 == 'value_19',
1620,attr_2 == 'value_2' , attr_4 == 'value_22',
1621,attr_1 == 'value_17' , attr_2 == 'value_11',
1622,attr_0 == 'value_25' , attr_4 == 'value_23',
1623,attr_3 == 'value_80' , attr_4 == 'value_79',
1624,attr_0 == 'value_95' , attr_1 == 'value_73',
1625,attr_1 == 'value_94' , attr_4 == 'value_39',
1626,attr_1 == 'value_10' , attr_3 == 'value_14',
1627,attr_0 == 'value_20' , attr_3 == 'value_65',
1628,attr_0 == 'value_34' , attr_4 == 'value_53',
1629,attr_3 == 'value_3' , attr_4 == 'value_22',
1630,attr_3 == 'value_24' , attr_4 == 'value_19',
1631,attr_0 == 'value_69' , attr_3 == 'value_43',
1632,attr_1 == 'value_40' , attr_2 == 'value_12',
1633,attr_1 == 'value_1' , attr_4 == 'value_71',
1634,attr_1 == 'value_0' , attr_2 == 'value_9',
1635,attr_3 == 'value_20' , attr_4 == 'value_72',
1636,attr_3 == 'value_40' , attr_4 == 'value_50',
1637,attr_0 == 'value_76' , attr_1 == 'value_53',
1638,attr_0 == 'value_79' , attr_1 == 'value_53',
1639,attr_0 == 'value_7' , attr_2 == 'value_94',
1640,attr_2 == 'value_52' , attr_3 == 'value_44',
1641,attr_0 == 'value_82' , attr_3 == 'value_46',
1642,attr_3 == 'value_20' , attr_4 == 'value_18',
1643,attr_0 == 'value_55' , attr_3 == 'value_90',
1644,attr_1 == 'value_75' , attr_4 == 'value_78',
1645,attr_2 == 'value_22' , attr_4 == 'value_47',
1646,attr_1 == 'value_86' , attr_4 == 'value_21',
1647,attr_0 == 'value_57' , attr_3 == 'value_97',
1648,attr_2 == 'value_92' , attr_3 == 'value_64',
1649,attr_0 == 'value_69' , attr_4 == 'value_8',
1650,attr_2 == 'value_6' , attr_3 == 'value_73',
1651,attr_3 == 'value_59' , attr_4 == 'value_35',
1652,attr_2 == 'value_89' , attr_4 == 'value_61',
1653,attr_2 == 'value_89' , attr_4 == 'value_47',
1654,attr_2 == 'value_68' , attr_3 == 'value_91',
1655,attr_3 == 'value_41' , attr_4 == 'value_18',
1656,attr_1 == 'value_60' , attr_2 == 'value_7',
1657,attr_0 == 'value_23' , attr_4 == 'value_55',
1658,attr_0 == 'value_74' , attr_3 == 'value_58',
1659,attr_3 == 'value_27' , attr_4 == 'value_62',
1660,attr_2 == 'value_64' , attr_3 == 'value_84',
1661,attr_0 == 'value_18' , attr_2 == 'value_66',
1662,attr_3 == 'value_58' , attr_4 == 'value_99',
1663,attr_0 == 'value_0' , attr_1 == 'value_97',
1664,attr_1 == 'value_11' , attr_4 == 'value_76',
1665,attr_2 == 'value_79' , attr_4 == 'value_62',
1666,attr_1 == 'value_74' , attr_2 == 'value_60',
1667,attr_1 == 'value_35' , attr_2 == 'value_62',
1668,attr_0 == 'value_33' , attr_3 == 'value_13',
1669,attr_1 == 'value_76' , attr_3 == 'value_18',
1670,attr_0 == 'value_61' , attr_1 == 'value_89',
1671,attr_0 == 'value_71' , attr_1 == 'value_95',
1672,attr_0 == 'value_63' , attr_2 == 'value_99',
1673,attr_0 == 'value_28' , attr_1 == 'value_16',
1674,attr_0 == 'value_7' , attr_1 == 'value_69',
1675,attr_2 == 'value_88' , attr_3 == 'value_58',
1676,attr_1 == 'value_19' , attr_3 == 'value_37',
1677,attr_0 == 'value_38' , attr_3 == 'value_51',
1678,attr_0 == 'value_29' , attr_1 == 'value_97',
1679,attr_1 == 'value_91' , attr_2 == 'value_31',
1680,attr_0 == 'value_46' , attr_3 == 'value_23',
1681,attr_0 == 'value_71' , attr_4 == 'value_19',
1682,attr_3 == 'value_42' , attr_4 == 'value_74',
1683,attr_1 == 'value_80' , attr_3 == 'value_63',
1684,attr_2 == 'value_65' , attr_3 == 'value_87',
1685,attr_0 == 'value_86' , attr_1 == 'value_63',
1686,attr_1 == 'value_74' , attr_2 == 'value_74',
1687,attr_1 == 'value_68' , attr_4 == 'value_45',
1688,attr_0 == 'value_10' , attr_1 == 'value_11',
1689,attr_0 == 'value_76' , attr_1 == 'value_1',
1690,attr_3 == 'value_89' , attr_4 == 'value_80',
1691,attr_0 == 'value_67' , attr_3 == 'value_31',
1692,attr_2 == 'value_23' , attr_3 == 'value_2',
1693,attr_3 == 'value_72' , attr_4 == 'value_28',
1694,attr_1 == 'value_72' , attr_3 == 'value_42',
1695,attr_0 == 'value_62' , attr_3 == 'value_68',
1696,attr_3 == 'value_68' , attr_4 == 'value_21',
1697,attr_2 == 'value_37' , attr_3 == 'value_84',
1698,attr_1 == 'value_24' , attr_2 == 'value_63',
1699,attr_0 == 'value_68' , attr_4 == 'value_44',
1700,attr_3 == 'value_72' , attr_4 == 'value_9',
1701,attr_1 == 'value_16' , attr_2 == 'value_2',
1702,attr_0 == 'value_28' , attr_2 == 'value_11',
1703,attr_0 == 'value_52' , attr_3 == 'value_91',
1704,attr_0 == 'value_58' , attr_1 == 'value_93' , attr_3 == 'value_49'
1705,attr_2 == 'value_16' , attr_3 == 'value_14',
1706,attr_0 == 'value_55' , attr_1 == 'value_62',
1707,attr_1 == 'value_2' , attr_4 == 'value_93',
1708,attr_2 == 'value_10' , attr_4 == 'value_29',
1709,attr_1 == 'value_21' , attr_2 == 'value_48',
1710,attr_3 == 'value_54' , attr_4 == 'value_2',
1711,attr_1 == 'value_67' , attr_2 == 'value_99',
1712,attr_2 == 'value_31' , attr_4 == 'value_30',
1713,attr_2 == 'value_31' , attr_3 == 'value_20',
1714,attr_2 == 'value_21' , attr_4 == 'value_37',
1715,attr_0 == 'value_6' , attr_1 == 'value_44',
1716,attr_1 == 'value_43' , attr_4 == 'value_5',
1717,attr_0 == 'value_83' , attr_2 == 'value_31',
1718,attr_2 == 'value_73' , attr_3 == 'value_77',
1719,attr_3 == 'value_7' , attr_4 == 'value_49',
1720,attr_1 == 'value_70' , attr_3 == 'value_59',
1721,attr_0 == 'value_70' , attr_3 == 'value_28',
1722,attr_0 == 'value_73' , attr_3 == 'value_64',
1723,attr_0 == 'value_70' , attr_2 == 'value_32',
1724,attr_1 == 'value_55' , attr_4 == 'value_78',
1725,attr_0 == 'value_18' , attr_1 == 'value_36',
1726,attr_2 == 'value_40' , attr_4 == 'value_69',
1727,attr_1 == 'value_72' , attr_2 == 'value_13',
1728,attr_0 == 'value_17' , attr_2 == 'value_43',
1729,attr_0 == 'value_47' , attr_3 == 'value_92',
1730,attr_2 == 'value_34' , attr_3 == 'value_26',
1731,attr_3 == 'value_83' , attr_4 == 'value_17',
1732,attr_1 == 'value_89' , attr_3 == 'value_34',
1733,attr_0 == 'value_10' , attr_4 == 'value_72',
1734,attr_0 == 'value_75' , attr_3 == 'value_45',
1735,attr_0 == 'value_93' , attr_3 == 'value_18',
1736,attr_3 == 'value_35' , attr_4 == 'value_18',
1737,attr_0 == 'value_44' , attr_4 == 'value_23',
1738,attr_1 == 'value_39' , attr_3 == 'value_78',
1739,attr_1 == 'value_80' , attr_2 == 'value_27',
1740,attr_2 == 'value_51' , attr_3 == 'value_17',
1741,attr_1 == 'value_95' , attr_3 == 'value_37',
1742,attr_0 == 'value_31' , attr_1 == 'value_93',
1743,attr_1 == 'value_80' , attr_4 == 'value_60',
1744,attr_1 == 'value_63' , attr_4 == 'value_56',
1745,attr_1 == 'value_37' , attr_3 == 'value_86',
1746,attr_1 == 'value_80' , attr_4 == 'value_34',
1747,attr_0 == 'value_25' , attr_2 == 'value_17',
1748,attr_1 == 'value_65' , attr_4 == 'value_81',
1749,attr_1 == 'value_72' , attr_4 == 'value_55',
1750,attr_0 == 'value_17' , attr_3 == 'value_17',
1751,attr_3 == 'value_60' , attr_4 == 'value_40',
1752,attr_1 == 'value_17' , attr_4 == 'value_62',
1753,attr_1 == 'value_45' , attr_4 == 'value_78',
1754,attr_1 == 'value_20' , attr_4 == 'value_9',
1755,attr_0 == 'value_87' , attr_1 == 'value_89',
1756,attr_0 == 'value_1' , attr_1 == 'value_45',
1757,attr_0 == 'value_54' , attr_4 == 'value_11',
1758,attr_0 == 'value_93' , attr_4 == 'value_9',
1759,attr_0 == 'value_50' , attr_1 == 'value_79',
1760,attr_0 == 'value_43' , attr_1 == 'value_74',
1761,attr_0 == 'value_59' , attr_2 == 'value_66',
1762,attr_0 == 'value_95' , attr_4 == 'value_18',
1763,attr_2 == 'value_22' , attr_3 == 'value_80',
1764,attr_1 == 'value_22' , attr_3 == 'value_41',
1765,attr_2 == 'value_60' , attr_4 == 'value_4',
1766,attr_0 == 'value_64' , attr_2 == 'value_94',
1767,attr_0 == 'value_62' , attr_3 == 'value_41',
1768,attr_0 == 'value_13' , attr_4 == 'value_54',
1769,attr_0 == 'value_44' , attr_3 == 'value_69',
1770,attr_1 == 'value_96' , attr_2 == 'value_14',
1771,attr_3 == 'value_58' , attr_4 == 'value_90',
1772,attr_0 == 'value_45' , attr_2 == 'value_77',
1773,attr_3 == 'value_54' , attr_4 == 'value_64',
1774,attr_1 == 'value_47' , attr_4 == 'value_47',
1775,attr_0 == 'value_1' , attr_3 == 'value_90',
1776,attr_2 == 'value_91' , attr_4 == 'value_84',
1777,attr_0 == 'value_23' , attr_4 == 'value_29',
1778,attr_1 == 'value_52' , attr_4 == 'value_44',
1779,attr_0 == 'value_92' , attr_1 == 'value_99',
1780,attr_1 == 'value_30' , attr_4 == 'value_18',
1781,attr_3 == 'value_21' , attr_4 == 'value_98',
1782,attr_0 == 'value_42' , attr_1 == 'value_5',
1783,attr_0 == 'value_10' , attr_1 == 'value_46',
1784,attr_1 == 'value_78' , attr_4 == 'value_59',
1785,attr_1 == 'value_10' , attr_2 == 'value_74',
1786,attr_2 == 'value_12' , attr_3 == 'value_37',
1787,attr_1 == 'value_82' , attr_3 == 'value_21' , attr_4 == 'value_5'
1788,attr_1 == 'value_74' , attr_2 == 'value_63',
1789,attr_3 == 'value_16' , attr_4 == 'value_76',
1790,attr_3 == 'value_49' , attr_4 == 'value_27',
1791,attr_3 == 'value_90' , attr_4 == 'value_8',
1792,attr_2 == 'value_49' , attr_3 == 'value_5',
1793,attr_2 == 'value_15' , attr_3 == 'value_56',
1794,attr_2 == 'value_43' , attr_3 == 'value_6',
1795,attr_3 == 'value_33' , attr_4 == 'value_89',
1796,attr_2 == 'value_94' , attr_3 == 'value_64',
1797,attr_1 == 'value_7' , attr_3 == 'value_29',
1798,attr_1 == 'value_75' , attr_4 == 'value_87',
1799,attr_1 == 'value_9' , attr_2 == 'value_50',
1800,attr_1 == 'value_91' , attr_4 == 'value_56',
1801,attr_3 == 'value_74' , attr_4 == 'value_45',
1802,attr_0 == 'value_8' , attr_3 == 'value_43',
1803,attr_1 == 'value_81' , attr_3 == 'value_47',
1804,attr_0 == 'value_88' , attr_3 == 'value_50',
1805,attr_1 == 'value_97' , attr_3 == 'value_7',
1806,attr_0 == 'value_47' , attr_3 == 'value_59',
1807,attr_3 == 'value_14' , attr_4 == 'value_60',
1808,attr_1 == 'value_71' , attr_3 == 'value_81',
1809,attr_0 == 'value_22' , attr_4 == 'value_58',
1810,attr_0 == 'value_45' , attr_3 == 'value_13',
1811,attr_1 == 'value_50' , attr_3 == 'value_37',
1812,attr_1 == 'value_35' , attr_3 == 'value_52',
1813,attr_2 == 'value_60' , attr_4 == 'value_2',
1814,attr_1 == 'value_48' , attr_3 == 'value_30',
1815,attr_1 == 'value_39' , attr_3 == 'value_41',
1816,attr_0 == 'value_78' , attr_3 == 'value_44',
1817,attr_0 == 'value_19' , attr_3 == 'value_59',
1818,attr_1 == 'value_44' , attr_2 == 'value_22',
1819,attr_1 == 'value_10' , attr_4 == 'value_36',
1820,attr_1 == 'value_32' , attr_2 == 'value_37',
1821,attr_0 == 'value_81' , attr_3 == 'value_24',
1822,attr_0 == 'value_62' , attr_2 == 'value_67',
1823,attr_0 == 'value_48' , attr_2 == 'value_10',
1824,attr_0 == 'value_72' , attr_2 == 'value_39',
1825,attr_0 == 'value_14' , attr_4 == 'value_8',
1826,attr_0 == 'value_46' , attr_2 == 'value_26',
1827,attr_0 == 'value_15' , attr_1 == 'value_6',
1828,attr_0 == 'value_18' , attr_2 == 'value_30',
1829,attr_2 == 'value_33' , attr_3 == 'value_35',
1830,attr_2 == 'value_77' , attr_3 == 'value_17',
1831,attr_1 == 'value_74' , attr_4 == 'value_88',
1832,attr_1 == 'value_38' , attr_3 == 'value_64',
1833,attr_0 == 'value_15' , attr_1 == 'value_21',
1834,attr_1 == 'value_52' , attr_2 == 'value_62',
1835,attr_0 == 'value_99' , attr_3 == 'value_26',
1836,attr_2 == 'value_95' , attr_4 == 'value_45',
1837,attr_0 == 'value_13' , attr_4 == 'value_92',
1838,attr_2 == 'value_50' , attr_4 == 'value_45',
1839,attr_0 == 'value_30' , attr_2 == 'value_33',
1840,attr_2 == 'value_65' , attr_3 == 'value_68',
1841,attr_2 == 'value_51' , attr_3 == 'value_94',
1842,attr_0 == 'value_30' , attr_1 == 'value_90',
1843,attr_0 == 'value_88' , attr_2 == 'value_62',
1844,attr_3 == 'value_10' , attr_4 == 'value_64',
1845,attr_1 == 'value_39' , attr_2 == 'value_81',
1846,attr_1 == 'value_87' , attr_2 == 'value_25',
1847,attr_3 == 'value_2' , attr_4 == 'value_51',
1848,attr_3 == 'value_55' , attr_4 == 'value_18',
1849,attr_0 == 'value_44' , attr_1 == 'value_91',
1850,attr_3 == 'value_46' , attr_4 == 'value_64',
1851,attr_0 == 'value_67' , attr_2 == 'value_19',
1852,attr_0 == 'value_17' , attr_1 == 'value_96',
1853,attr_1 == 'value_19' , attr_4 == 'value_29',
1854,attr_1 == 'value_86' , attr_4 == 'value_94',
1855,attr_1 == 'value_25' , attr_3 == 'value_65',
1856,attr_0 == 'value_30' , attr_1 == 'value_48',
1857,attr_1 == 'value_62' , attr_4 == 'value_52',
1858,attr_2 == 'value_37' , attr_3 == 'value_69',
1859,attr_1 == 'value_0' , attr_3 == 'value_25',
1860,attr_2 == 'value_29' , attr_3 == 'value_92',
1861,attr_0 == 'value_62' , attr_4 == 'value_48',
1862,attr_2 == 'value_84' , attr_3 == 'value_58',
1863,attr_0 == 'value_31' , attr_3 == 'value_37',
1864,attr_1 == 'value_76' , attr_4 == 'value_14',
1865,attr_0 == 'value_89' , attr_4 == 'value_10',
1866,attr_0 == 'value_60' , attr_3 == 'value_21',
1867,attr_1 == 'value_70' , attr_2 == 'value_32',
1868,attr_2 == 'value_51' , attr_4 == 'value_56',
1869,attr_0 == 'value_16' , attr_3 == 'value_67',
1870,attr_1 == 'value_93' , attr_4 == 'value_24',
1871,attr_0 == 'value_8' , attr_1 == 'value_46',
1872,attr_0 == 'value_53' , attr_2 == 'value_1',
1873,attr_2 == 'value_94' , attr_3 == 'value_19',
1874,attr_1 == 'value_87' , attr_4 == 'value_64',
1875,attr_2 == 'value_78' , attr_3 == 'value_96',
1876,attr_1 == 'value_4' , attr_4 == 'value_29',
1877,attr_1 == 'value_25' , attr_4 == 'value_68',
1878,attr_3 == 'value_69' , attr_4 == 'value_89',
1879,attr_0 == 'value_70' , attr_1 == 'value_15',
1880,attr_0 == 'value_45' , attr_4 == 'value_65',
1881,attr_3 == 'value_19' , attr_4 == 'value_41',
1882,attr_0 == 'value_42' , attr_1 == 'value_69',
1883,attr_2 == 'value_27' , attr_4 == 'value_47',
1884,attr_0 == 'value_17' , attr_4 == 'value_82',
1885,attr_0 == 'value_64' , attr_3 == 'value_33',
1886,attr_1 == 'value_44' , attr_4 == 'value_37',
1887,attr_3 == 'value_63' , attr_4 == 'value_53',
1888,attr_0 == 'value_18' , attr_2 == 'value_67',
1889,attr_1 == 'value_93' , attr_3 == 'value_35',
1890,attr_1 == 'value_38' , attr_2 == 'value_25',
1891,attr_2 == 'value_31' , attr_4 == 'value_1',
1892,attr_1 == 'value_70' , attr_4 == 'value_86',
1893,attr_0 == 'value_78' , attr_4 == 'value_68',
1894,attr_0 == 'value_35' , attr_3 == 'value_91',
1895,attr_1 == 'value_19' , attr_3 == 'value_59',
1896,attr_2 == 'value_5' , attr_3 == 'value_19',
1897,attr_0 == 'value_7' , attr_1 == 'value_83',
1898,attr_2 == 'value_8' , attr_3 == 'value_81',
1899,attr_2 == 'value_15' , attr_3 == 'value_98',
1900,attr_0 == 'value_9' , attr_3 == 'value_11',
1901,attr_1 == 'value_30' , attr_4 == 'value_72',
1902,attr_2 == 'value_50' , attr_3 == 'value_89',
1903,attr_1 == 'value_45' , attr_2 == 'value_53',
1904,attr_2 == 'value_94' , attr_4 == 'value_30',
1905,attr_1 == 'value_43' , attr_2 == 'value_48',
1906,attr_0 == 'value_11' , attr_2 == 'value_42',
1907,attr_2 == 'value_22' , attr_3 == 'value_21',
1908,attr_0 == 'value_79' , attr_3 == 'value_3',
1909,attr_0 == 'value_31' , attr_4 == 'value_9',
1910,attr_3 == 'value_56' , attr_4 == 'value_64',
1911,attr_2 == 'value_64' , attr_3 == 'value_62',
1912,attr_2 == 'value_80' , attr_4 == 'value_36',
1913,attr_3 == 'value_98' , attr_4 == 'value_68',
1914,attr_1 == 'value_89' , attr_4 == 'value_72',
1915,attr_0 == 'value_23' , attr_2 == 'value_82',
1916,attr_0 == 'value_32' , attr_3 == 'value_40',
1917,attr_1 == 'value_70' , attr_2 == 'value_99',
1918,attr_0 == 'value_56' , attr_4 == 'value_24',
1919,attr_0 == 'value_79' , attr_1 == 'value_9',
1920,attr_2 == 'value_64' , attr_4 == 'value_65',
1921,attr_2 == 'value_9' , attr_3 == 'value_95',
1922,attr_0 == 'value_64' , attr_4 == 'value_14',
1923,attr_2 == 'value_33' , attr_4 == 'value_79',
1924,attr_1 == 'value_60' , attr_4 == 'value_86',
1925,attr_0 == 'value_96' , attr_1 == 'value_24',
1926,attr_0 == 'value_87' , attr_2 == 'value_54',
1927,attr_0 == 'value_59' , attr_2 == 'value_15',
1928,attr_2 == 'value_22' , attr_3 == 'value_62',
1929,attr_2 == 'value_71' , attr_4 == 'value_91',
1930,attr_1 == 'value_68' , attr_2 == 'value_96',
1931,attr_2 == 'value_13' , attr_3 == 'value_17',
1932,attr_3 == 'value_49' , attr_4 == 'value_46',
1933,attr_3 == 'value_53' , attr_4 == 'value_77',
1934,attr_1 == 'value_17' , attr_3 == 'value_42',
1935,attr_2 == 'value_99' , attr_4 == 'value_73',
1936,attr_0 == 'value_59' , attr_4 == 'value_21',
1937,attr_0 == 'value_14' , attr_1 == 'value_77',
1938,attr_0 == 'value_62' , attr_3 == 'value_56',
1939,attr_1 == 'value_39' , attr_4 == 'value_90',
1940,attr_1 == 'value_61' , attr_3 == 'value_79',
1941,attr_1 == 'value_89' , attr_4 == 'value_52',
1942,attr_1 == 'value_85' , attr_3 == 'value_75',
1943,attr_2 == 'value_3' , attr_3 == 'value_72',
1944,attr_0 == 'value_2' , attr_4 == 'value_95',
1945,attr_2 == 'value_86' , attr_4 == 'value_20',
1946,attr_1 == 'value_7' , attr_2 == 'value_36',
1947,attr_0 == 'value_23' , attr_4 == 'value_43',
1948,attr_2 == 'value_30' , attr_3 == 'value_24',
1949,attr_2 == 'value_48' , attr_3 == 'value_8',
1950,attr_1 == 'value_18' , attr_2 == 'value_95',
1951,attr_3 == 'value_35' , attr_4 == 'value_84',
1952,attr_2 == 'value_28' , attr_4 == 'value_80',
1953,attr_2 == 'value_78' , attr_3 == 'value_42',
1954,attr_0 == 'value_52' , attr_1 == 'value_39',
1955,attr_1 == 'value_77' , attr_2 == 'value_71',
1956,attr_1 == 'value_79' , attr_2 == 'value_52',
1957,attr_3 == 'value_54' , attr_4 == 'value_9',
1958,attr_0 == 'value_75' , attr_2 == 'value_20',
1959,attr_0 == 'value_27' , attr_2 == 'value_52',
1960,attr_0 == 'value_6' , attr_2 == 'value_13',
1961,attr_3 == 'value_26' , attr_4 == 'value_39',
1962,attr_1 == 'value_76' , attr_3 == 'value_14',
1963,attr_2 == 'value_81' , attr_3 == 'value_79',
1964,attr_1 == 'value_93' , attr_4 == 'value_34',
1965,attr_0 == 'value_35' , attr_1 == 'value_42',
1966,attr_1 == 'value_56' , attr_2 == 'value_66',
1967,attr_0 == 'value_27' , attr_2 == 'value_53',
1968,attr_1 == 'value_49' , attr_3 == 'value_91',
1969,attr_1 == 'value_38' , attr_4 == 'value_34',
1970,attr_2 == 'value_73' , attr_4 == 'value_6',
1971,attr_0 == 'value_45' , attr_3 == 'value_39',
1972,attr_0 == 'value_19' , attr_4 == 'value_70',
1973,attr_0 == 'value_26' , attr_1 == 'value_34',
1974,attr_0 == 'value_2' , attr_4 == 'value_73',
1975,attr_0 == 'value_38' , attr_2 == 'value_90',
1976,attr_1 == 'value_94' , attr_2 == 'value_22',
1977,attr_0 == 'value_58' , attr_3 == 'value_54',
1978,attr_0 == 'value_25' , attr_1 == 'value_20',
1979,attr_3 == 'value_69' , attr_4 == 'value_4',
1980,attr_1 == 'value_75' , attr_4 == 'value_48',
1981,attr_0 == 'value_41' , attr_1 == 'value_74',
1982,attr_1 == 'value_97' , attr_3 == 'value_4',
1983,attr_0 == 'value_80' , attr_4 == 'value_87',
1984,attr_1 == 'value_86' , attr_4 == 'value_61',
1985,attr_0 == 'value_24' , attr_3 == 'value_24',
1986,attr_0 == 'value_57' , attr_1 == 'value_10',
1987,attr_1 == 'value_26' , attr_2 == 'value_83',
1988,attr_0 == 'value_57' , attr_3 == 'value_1',
1989,attr_0 == 'value_10' , attr_2 == 'value_76',
1990,attr_0 == 'value_96' , attr_3 == 'value_37',
1991,attr_1 == 'value_94' , attr_3 == 'value_51',
1992,attr_0 == 'value_46' , attr_4 == 'value_51',
1993,attr_0 == 'value_63' , attr_2 == 'value_57',
1994,attr_0 == 'value_43' , attr_3 == 'value_42',
1995,attr_1 == 'value_0' , attr_3 == 'value_71',
1996,attr_0 == 'value_59' , attr_2 == 'value_20',
1997,attr_1 == 'value_42' , attr_2 == 'value_87',
1998,attr_1 == 'value_1' , attr_2 == 'value_93',
1999,attr_1 == 'value_29' , attr_4 == 'value_99',
