,0,1,2,3,4
0,attr_5 < 4.8456,,,,
1,attr_1 == 'value_34' , attr_2 == 'value_41',,,
2,attr_3 == 'value_20' , attr_7 < 5.4207 , attr_8 > 3.5027 , attr_9 < 4.406,
3,attr_4 == 'value_93' , attr_6 > 5.403 , attr_7 > 3.1095 , attr_9 < 3.7332,
4,attr_2 == 'value_37' , attr_3 == 'value_0' , attr_9 > 4.8324,,
5,attr_3 == 'value_22' , attr_6 > 3.9804,,,
6,attr_0 == 'value_77' , attr_4 == 'value_53' , attr_7 > 4.3823,,
7,attr_1 == 'value_10' , attr_4 == 'value_18',,,
8,attr_7 > 5.1218,,,,
9,attr_4 == 'value_52' , attr_5 < 6.2011 , attr_6 < 5.1763,,
10,attr_0 == 'value_76' , attr_4 == 'value_7' , attr_7 < 5.3319,,
11,attr_0 == 'value_24' , attr_6 < 5.4036,,,
12,attr_1 == 'value_29' , attr_2 == 'value_40',,,
13,attr_4 == 'value_22' , attr_5 > 6.8028 , attr_6 < 6.4644 , attr_7 > 4.2735,
14,attr_1 == 'value_90' , attr_4 == 'value_54' , attr_8 > 4.3403,,
15,attr_7 < 4.3455 , attr_8 > 4.1526,,,
16,attr_2 == 'value_89',,,,
17,attr_2 == 'value_8' , attr_4 == 'value_95' , attr_8 < 4.9225,,
18,attr_0 == 'value_69' , attr_1 == 'value_66' , attr_7 < 4.3795 , attr_8 < 4.7597,
19,attr_0 == 'value_4' , attr_1 == 'value_15' , attr_9 > 4.324,,
20,attr_6 < 5.7864 , attr_9 < 4.5766,,,
21,attr_9 > 5.9863,,,,
22,attr_1 == 'value_62' , attr_3 == 'value_49' , attr_9 < 5.495,,
23,attr_0 == 'value_37' , attr_8 < 5.8201,,,
24,attr_2 == 'value_86' , attr_6 > 6.2195,,,
25,attr_7 > 4.1262 , attr_8 < 6.1276,,,
26,attr_4 == 'value_42' , attr_5 > 5.1241,,,
27,attr_2 == 'value_37' , attr_5 > 5.5904,,,
28,attr_2 == 'value_32' , attr_6 > 4.419 , attr_8 > 4.5252,,
29,attr_3 == 'value_82' , attr_9 < 5.8225,,,
30,attr_7 > 6.5297,,,,
31,attr_1 == 'value_3' , attr_4 == 'value_48',,,
32,attr_1 == 'value_6' , attr_5 < 5.2813,,,
33,attr_3 == 'value_35' , attr_7 < 4.0944 , attr_8 < 3.4654,,
34,attr_7 > 5.5753,,,,
35,attr_2 == 'value_56' , attr_4 == 'value_37',,,
36,attr_1 == 'value_8' , attr_3 == 'value_93',,,
37,attr_1 == 'value_16' , attr_7 > 2.9266,,,
38,attr_3 == 'value_18' , attr_9 < 5.0223,,,
39,attr_2 == 'value_63' , attr_4 == 'value_85' , attr_5 < 5.8816 , attr_6 < 4.0431,
40,attr_4 == 'value_40' , attr_7 > 4.8019,,,
41,attr_9 < 5.0093,,,,
42,attr_0 == 'value_21' , attr_4 == 'value_75' , attr_7 > 2.3459 , attr_8 > 4.6008,
43,attr_1 == 'value_5' , attr_2 == 'value_22',,,
44,attr_2 == 'value_99' , attr_7 < 5.933 , attr_8 < 4.9358,,
45,attr_4 == 'value_29' , attr_5 < 5.8199 , attr_9 < 4.7094,,
46,attr_6 > 4.8601 , attr_9 > 4.637,,,
47,attr_5 < 5.7966 , attr_6 > 3.6937,,,
48,attr_1 == 'value_17' , attr_9 < 5.9499,,,
49,attr_1 == 'value_37' , attr_5 < 6.0908 , attr_8 < 3.6352,,
50,attr_0 == 'value_15' , attr_6 < 6.1358,,,
51,attr_4 == 'value_96' , attr_6 > 5.3133,,,
52,attr_0 == 'value_99' , attr_1 == 'value_98' , attr_6 < 5.0964 , attr_9 < 6.2302,
53,attr_2 == 'value_90' , attr_3 == 'value_70' , attr_6 > 5.2112,,
54,attr_1 == 'value_69' , attr_2 == 'value_60' , attr_9 < 5.1055,,
55,attr_5 < 6.3963,,,,
56,attr_1 == 'value_30' , attr_2 == 'value_41' , attr_8 < 5.106 , attr_9 < 6.168,
57,attr_5 > 4.2325 , attr_6 < 4.0493 , attr_7 < 5.5246,,
58,attr_1 == 'value_73' , attr_2 == 'value_91' , attr_3 == 'value_44' , attr_9 > 7.7399,
59,attr_1 == 'value_99',,,,
60,attr_7 < 5.3825 , attr_9 > 5.1045,,,
61,attr_5 > 5.4808,,,,
62,attr_3 == 'value_2' , attr_7 < 4.5927,,,
63,attr_1 == 'value_31' , attr_8 < 5.8995,,,
64,attr_0 == 'value_96' , attr_6 > 5.5063 , attr_9 > 6.7726,,
65,attr_4 == 'value_61' , attr_7 < 5.9455 , attr_8 < 5.1544,,
66,attr_0 == 'value_35' , attr_1 == 'value_77',,,
67,attr_0 == 'value_39' , attr_5 > 5.3913,,,
68,attr_3 == 'value_36' , attr_6 < 5.2495 , attr_7 < 3.1181 , attr_9 < 4.6106,
69,attr_3 == 'value_2' , attr_5 < 4.954 , attr_7 < 6.1356,,
70,attr_0 == 'value_98' , attr_5 > 4.3936,,,
71,attr_3 == 'value_91' , attr_6 > 4.0526 , attr_7 < 4.5076,,
72,attr_1 == 'value_82' , attr_5 < 6.4582 , attr_7 < 5.3521,,
73,attr_1 == 'value_18' , attr_2 == 'value_98' , attr_5 < 4.7997,,
74,attr_4 == 'value_55' , attr_5 > 6.202 , attr_6 > 4.112 , attr_9 < 5.1605,
75,attr_1 == 'value_18' , attr_5 < 5.6946,,,
76,attr_5 > 4.0307 , attr_7 < 4.5862 , attr_8 > 4.1092,,
77,attr_0 == 'value_42' , attr_3 == 'value_89' , attr_6 > 5.5553,,
78,attr_0 == 'value_60' , attr_5 < 4.904 , attr_6 < 5.0743 , attr_7 > 4.758,
79,attr_9 > 4.2554,,,,
80,attr_4 == 'value_52' , attr_8 > 6.7187,,,
81,attr_9 > 5.5999,,,,
82,attr_4 == 'value_45' , attr_9 > 4.3383,,,
83,attr_1 == 'value_40' , attr_9 > 6.7817,,,
84,attr_2 == 'value_25' , attr_3 == 'value_39' , attr_7 > 4.5897,,
85,attr_2 == 'value_26' , attr_6 > 3.2934,,,
86,attr_2 == 'value_92' , attr_6 < 4.0918,,,
87,attr_5 < 5.5523 , attr_6 > 5.4237,,,
88,attr_9 < 4.4362,,,,
89,attr_6 < 5.8072 , attr_8 < 5.3167,,,
90,attr_2 == 'value_55' , attr_6 > 5.1282,,,
91,attr_3 == 'value_47' , attr_5 < 4.8343 , attr_6 < 3.0066,,
92,attr_0 == 'value_27' , attr_6 < 5.7355,,,
93,attr_9 > 6.7445,,,,
94,attr_6 > 4.1699 , attr_9 < 2.5156,,,
95,attr_4 == 'value_74' , attr_8 > 5.9934 , attr_9 > 5.0298,,
96,attr_0 == 'value_72' , attr_2 == 'value_73' , attr_9 < 7.2863,,
97,attr_0 == 'value_88' , attr_5 < 3.8952 , attr_9 < 3.1294,,
98,attr_4 == 'value_0' , attr_7 > 5.7092,,,
99,attr_6 > 6.6529,,,,
100,attr_0 == 'value_35' , attr_1 == 'value_82' , attr_7 < 4.3807,,
101,attr_4 == 'value_10' , attr_6 > 5.4841 , attr_9 > 4.3705,,
102,attr_3 == 'value_56',,,,
103,attr_1 == 'value_31' , attr_3 == 'value_38' , attr_7 < 4.014 , attr_8 < 7.0087,
104,attr_6 < 4.7355,,,,
105,attr_4 == 'value_80' , attr_5 < 3.576 , attr_6 < 5.0556,,
106,attr_4 == 'value_23',,,,
107,attr_0 == 'value_90' , attr_1 == 'value_94' , attr_5 > 4.2423,,
108,attr_3 == 'value_33' , attr_7 > 2.7387,,,
109,attr_2 == 'value_0' , attr_4 == 'value_14',,,
110,attr_2 == 'value_27' , attr_4 == 'value_97' , attr_8 > 5.1251,,
111,attr_2 == 'value_14' , attr_4 == 'value_41' , attr_5 > 4.5652,,
112,attr_1 == 'value_98' , attr_8 > 6.6975,,,
113,attr_0 == 'value_45' , attr_2 == 'value_45' , attr_4 == 'value_69' , attr_6 < 6.1189,
114,attr_2 == 'value_0' , attr_9 < 6.6458,,,
115,attr_3 == 'value_96' , attr_6 > 5.1232 , attr_8 < 6.2653,,
116,attr_0 == 'value_80' , attr_3 == 'value_73' , attr_6 < 4.9559,,
117,attr_3 == 'value_5' , attr_4 == 'value_6' , attr_9 < 6.7705,,
118,attr_0 == 'value_16' , attr_8 > 6.0658,,,
119,attr_4 == 'value_65' , attr_6 > 4.8348,,,
120,attr_1 == 'value_3' , attr_6 > 5.5744,,,
121,attr_0 == 'value_1' , attr_7 > 6.3535 , attr_9 < 6.3747,,
122,attr_7 < 3.3447,,,,
123,attr_1 == 'value_6' , attr_3 == 'value_37' , attr_9 > 5.2709,,
124,attr_0 == 'value_59' , attr_5 < 4.9448,,,
125,attr_2 == 'value_76' , attr_3 == 'value_54' , attr_7 > 5.2245 , attr_8 < 6.8582,
126,attr_4 == 'value_9' , attr_8 > 3.6439,,,
127,attr_0 == 'value_2' , attr_6 < 5.1513,,,
128,attr_4 == 'value_86',,,,
129,attr_0 == 'value_18' , attr_4 == 'value_3' , attr_6 > 4.746,,
130,attr_0 == 'value_98' , attr_1 == 'value_53' , attr_7 < 4.8841,,
131,attr_0 == 'value_67' , attr_4 == 'value_18' , attr_7 < 6.1446,,
132,attr_1 == 'value_85' , attr_9 < 5.4998,,,
133,attr_3 == 'value_33' , attr_5 < 3.7857,,,
134,attr_5 < 4.6622,,,,
135,attr_6 < 5.8244 , attr_8 < 3.9368,,,
136,attr_7 > 5.4765 , attr_9 < 3.0523,,,
137,attr_2 == 'value_39' , attr_6 < 5.7122,,,
138,attr_1 == 'value_89',,,,
139,attr_2 == 'value_17' , attr_9 < 5.4043,,,
140,attr_6 > 5.0851,,,,
141,attr_2 == 'value_1' , attr_8 < 5.6259,,,
142,attr_3 == 'value_24' , attr_4 == 'value_73' , attr_8 > 4.5032 , attr_9 > 4.5854,
143,attr_1 == 'value_64' , attr_5 > 3.8327 , attr_7 < 6.5782,,
144,attr_4 == 'value_80',,,,
145,attr_7 < 6.0196 , attr_9 > 4.7587,,,
146,attr_3 == 'value_4' , attr_6 < 5.3397,,,
147,attr_4 == 'value_23' , attr_5 < 3.9844,,,
148,attr_2 == 'value_45' , attr_3 == 'value_59',,,
149,attr_1 == 'value_63' , attr_3 == 'value_42' , attr_6 > 4.2565,,
150,attr_5 < 5.1695 , attr_8 > 3.8005,,,
151,attr_1 == 'value_40' , attr_3 == 'value_46' , attr_9 > 5.4273,,
152,attr_2 == 'value_93' , attr_3 == 'value_57' , attr_5 > 6.297 , attr_6 < 6.4359 , attr_8 > 4.2748
153,attr_0 == 'value_68' , attr_7 < 5.3543,,,
154,attr_0 == 'value_67' , attr_1 == 'value_91' , attr_5 < 3.6426 , attr_8 > 3.9805 , attr_9 < 3.4861
155,attr_3 == 'value_5' , attr_6 < 4.7368 , attr_8 > 3.506 , attr_9 < 5.3105,
156,attr_5 < 5.2436 , attr_6 > 4.6309 , attr_7 > 4.7484 , attr_9 < 4.0137,
157,attr_1 == 'value_75' , attr_9 > 4.8602,,,
158,attr_3 == 'value_60' , attr_4 == 'value_66',,,
159,attr_4 == 'value_5' , attr_5 < 3.5488 , attr_7 > 3.6308 , attr_8 > 4.6131,
160,attr_4 == 'value_7' , attr_5 < 6.8496 , attr_6 > 6.1471 , attr_9 > 5.1863,
161,attr_2 == 'value_70' , attr_6 < 4.585,,,
162,attr_0 == 'value_48' , attr_7 < 5.6824,,,
163,attr_3 == 'value_51' , attr_5 > 4.9078,,,
164,attr_0 == 'value_66',,,,
165,attr_3 == 'value_63' , attr_4 == 'value_25' , attr_5 < 7.9006 , attr_8 > 5.268,
166,attr_4 == 'value_86' , attr_8 < 4.6736,,,
167,attr_2 == 'value_44' , attr_5 > 5.6028,,,
168,attr_3 == 'value_62' , attr_4 == 'value_52' , attr_6 > 4.844,,
169,attr_0 == 'value_30' , attr_9 < 5.6219,,,
170,attr_7 < 6.5862,,,,
171,attr_4 == 'value_43' , attr_5 > 5.1961,,,
172,attr_8 > 5.4493,,,,
173,attr_0 == 'value_34' , attr_6 < 5.7634 , attr_7 > 4.513,,
174,attr_9 < 2.6569,,,,
175,attr_2 == 'value_79' , attr_4 == 'value_40' , attr_5 > 4.3889 , attr_9 < 4.365,
176,attr_5 < 4.006 , attr_7 > 2.2118 , attr_8 > 3.31,,
177,attr_0 == 'value_6' , attr_3 == 'value_71' , attr_5 > 4.7845,,
178,attr_3 == 'value_48',,,,
179,attr_1 == 'value_99' , attr_2 == 'value_93' , attr_9 > 4.4006,,
180,attr_5 < 4.6628 , attr_7 > 4.7533 , attr_9 > 4.3732,,
181,attr_0 == 'value_5' , attr_8 < 4.5195,,,
182,attr_2 == 'value_16' , attr_6 < 4.8411,,,
183,attr_4 == 'value_10' , attr_6 > 6.6608,,,
184,attr_0 == 'value_59' , attr_2 == 'value_52' , attr_5 < 5.5066,,
185,attr_3 == 'value_69',,,,
186,attr_2 == 'value_20' , attr_7 < 6.8396 , attr_9 > 5.5136,,
187,attr_8 < 5.9806,,,,
188,attr_4 == 'value_35' , attr_8 < 5.3346 , attr_9 < 5.8558,,
189,attr_5 > 4.9297 , attr_7 > 4.5725,,,
190,attr_3 == 'value_19',,,,
191,attr_0 == 'value_1' , attr_4 == 'value_17',,,
192,attr_4 == 'value_95' , attr_9 < 5.522,,,
193,attr_0 == 'value_89' , attr_2 == 'value_69' , attr_5 > 4.9439,,
194,attr_2 == 'value_32',,,,
195,attr_2 == 'value_29' , attr_3 == 'value_61' , attr_7 > 3.6479,,
196,attr_7 > 5.4243 , attr_9 < 4.6248,,,
197,attr_5 < 5.4209 , attr_7 > 5.6295,,,
198,attr_7 > 5.1637 , attr_8 < 5.0856,,,
199,attr_4 == 'value_36' , attr_6 > 5.8523,,,
200,attr_4 == 'value_18' , attr_8 > 4.5668,,,
201,attr_5 < 5.0813,,,,
202,attr_0 == 'value_99' , attr_3 == 'value_89' , attr_9 < 5.3061,,
203,attr_8 < 4.8536 , attr_9 < 5.5647,,,
204,attr_5 > 3.9907,,,,
205,attr_1 == 'value_21' , attr_8 > 4.8235,,,
206,attr_2 == 'value_59' , attr_5 > 3.1484,,,
207,attr_1 == 'value_46' , attr_2 == 'value_10' , attr_5 > 4.2879 , attr_7 < 4.5625,
208,attr_7 > 4.2277,,,,
209,attr_1 == 'value_68' , attr_5 > 3.4108 , attr_6 < 6.4941,,
210,attr_0 == 'value_27' , attr_3 == 'value_27' , attr_7 > 4.7308,,
211,attr_2 == 'value_42' , attr_4 == 'value_9',,,
212,attr_5 > 3.2247 , attr_6 > 4.5845,,,
213,attr_0 == 'value_8' , attr_3 == 'value_18',,,
214,attr_4 == 'value_69' , attr_6 > 6.5354,,,
215,attr_1 == 'value_30' , attr_4 == 'value_95' , attr_8 > 5.3381,,
216,attr_3 == 'value_94',,,,
217,attr_2 == 'value_29' , attr_4 == 'value_24',,,
218,attr_4 == 'value_83' , attr_7 > 3.6017,,,
219,attr_0 == 'value_15' , attr_4 == 'value_64',,,
220,attr_2 == 'value_13' , attr_3 == 'value_86',,,
221,attr_0 == 'value_12' , attr_1 == 'value_64' , attr_9 < 6.3497,,
222,attr_0 == 'value_62' , attr_4 == 'value_32',,,
223,attr_3 == 'value_67' , attr_4 == 'value_24' , attr_7 < 5.5018 , attr_8 > 5.6482,
224,attr_4 == 'value_63' , attr_7 > 3.7171,,,
225,attr_6 > 4.3332,,,,
226,attr_2 == 'value_50' , attr_8 > 4.8139 , attr_9 > 6.3434,,
227,attr_1 == 'value_27' , attr_5 > 6.9106 , attr_7 > 4.7421 , attr_8 < 5.3742,
228,attr_0 == 'value_89' , attr_7 < 3.9334,,,
229,attr_2 == 'value_8' , attr_7 < 4.8688,,,
230,attr_5 < 4.9841 , attr_7 < 3.9262,,,
231,attr_2 == 'value_24' , attr_5 < 4.2667 , attr_7 > 4.3747,,
232,attr_0 == 'value_12',,,,
233,attr_0 == 'value_24' , attr_4 == 'value_76' , attr_7 > 6.454,,
234,attr_9 > 6.5299,,,,
235,attr_0 == 'value_36' , attr_3 == 'value_77' , attr_9 < 6.1262,,
236,attr_2 == 'value_74',,,,
237,attr_8 > 5.7465,,,,
238,attr_0 == 'value_30' , attr_5 < 5.7794 , attr_8 < 5.6527 , attr_9 < 4.1529,
239,attr_0 == 'value_69' , attr_4 == 'value_8' , attr_7 < 4.3177,,
240,attr_5 > 6.6333 , attr_9 < 5.7317,,,
241,attr_4 == 'value_96' , attr_5 < 5.3449 , attr_7 < 3.7781,,
242,attr_1 == 'value_50' , attr_7 < 5.8703 , attr_9 < 5.1499,,
243,attr_0 == 'value_17' , attr_9 < 4.5732,,,
244,attr_7 > 4.2174 , attr_9 > 3.369,,,
245,attr_5 < 4.1564 , attr_6 < 2.5285,,,
246,attr_4 == 'value_56' , attr_8 < 5.9616,,,
247,attr_0 == 'value_5' , attr_5 < 6.0428 , attr_7 > 6.2581,,
248,attr_3 == 'value_26' , attr_8 > 5.1857,,,
249,attr_4 == 'value_31' , attr_5 < 5.2773,,,
250,attr_0 == 'value_41',,,,
251,attr_1 == 'value_98' , attr_7 < 3.4645 , attr_8 < 5.151 , attr_9 > 6.5481,
252,attr_1 == 'value_95' , attr_4 == 'value_10' , attr_5 > 5.6238,,
253,attr_4 == 'value_53' , attr_5 > 4.4938 , attr_6 > 4.5233 , attr_8 < 4.745 , attr_9 < 5.1373
254,attr_3 == 'value_73' , attr_4 == 'value_35' , attr_7 > 4.2572,,
255,attr_3 == 'value_36' , attr_6 > 3.9282 , attr_7 < 4.4272 , attr_9 > 4.8519,
256,attr_0 == 'value_28' , attr_4 == 'value_6' , attr_8 > 6.3151,,
257,attr_5 > 5.2668 , attr_8 < 6.6267,,,
258,attr_0 == 'value_20',,,,
259,attr_0 == 'value_59' , attr_4 == 'value_49' , attr_6 > 4.5316,,
260,attr_3 == 'value_27',,,,
261,attr_2 == 'value_73' , attr_7 > 6.3268 , attr_9 < 6.0266,,
262,attr_1 == 'value_15' , attr_7 < 5.9172,,,
263,attr_0 == 'value_16' , attr_1 == 'value_35' , attr_7 > 5.7001,,
264,attr_2 == 'value_55' , attr_3 == 'value_39' , attr_9 < 5.9746,,
265,attr_1 == 'value_88' , attr_8 > 5.257,,,
266,attr_4 == 'value_9' , attr_7 < 6.196,,,
267,attr_0 == 'value_54' , attr_8 > 4.9194,,,
268,attr_5 < 5.1233 , attr_7 > 4.7225,,,
269,attr_3 == 'value_12' , attr_7 > 7.103 , attr_8 < 4.4762,,
270,attr_0 == 'value_84' , attr_2 == 'value_26' , attr_5 > 5.3283,,
271,attr_4 == 'value_60' , attr_6 < 6.4501 , attr_9 > 3.9925,,
272,attr_2 == 'value_58' , attr_4 == 'value_17' , attr_7 < 3.586,,
273,attr_3 == 'value_11',,,,
274,attr_1 == 'value_53' , attr_3 == 'value_78' , attr_5 > 4.0833 , attr_6 < 5.5893 , attr_7 < 6.6689
275,attr_3 == 'value_31' , attr_8 > 6.4368,,,
276,attr_2 == 'value_30' , attr_4 == 'value_45',,,
277,attr_1 == 'value_88' , attr_6 < 5.163,,,
278,attr_0 == 'value_23' , attr_1 == 'value_78' , attr_7 < 5.6997 , attr_8 < 5.1925,
279,attr_5 < 4.7542 , attr_7 < 4.4063,,,
280,attr_6 > 3.8204 , attr_7 < 5.0157 , attr_9 < 3.4815,,
281,attr_6 > 4.4292 , attr_8 > 5.5507,,,
282,attr_0 == 'value_28' , attr_4 == 'value_11' , attr_8 < 4.6148,,
283,attr_1 == 'value_83' , attr_5 < 5.5356 , attr_8 > 4.8257,,
284,attr_1 == 'value_84' , attr_5 > 5.4996,,,
285,attr_3 == 'value_27' , attr_5 < 6.9682,,,
286,attr_0 == 'value_19' , attr_7 < 5.6012,,,
287,attr_0 == 'value_23' , attr_5 < 6.1178 , attr_8 < 3.8563 , attr_9 > 5.6881,
288,attr_1 == 'value_38' , attr_7 < 6.683 , attr_9 > 5.5188,,
289,attr_0 == 'value_95' , attr_4 == 'value_71' , attr_8 < 5.953,,
290,attr_1 == 'value_52' , attr_4 == 'value_43' , attr_6 < 4.3218 , attr_7 > 4.0019,
291,attr_2 == 'value_71',,,,
292,attr_2 == 'value_25' , attr_5 < 7.325 , attr_7 > 5.0016 , attr_8 < 3.4883,
293,attr_6 < 4.9005 , attr_9 > 5.1301,,,
294,attr_5 < 6.2434 , attr_6 > 5.9002 , attr_7 < 3.7775,,
295,attr_3 == 'value_72' , attr_4 == 'value_4' , attr_6 > 5.0789,,
296,attr_2 == 'value_39' , attr_6 < 4.9614,,,
297,attr_5 > 4.3563 , attr_9 < 5.2924,,,
298,attr_1 == 'value_80' , attr_2 == 'value_96',,,
299,attr_4 == 'value_6' , attr_6 < 2.7085 , attr_9 > 5.4575,,
300,attr_0 == 'value_36' , attr_2 == 'value_93' , attr_8 < 5.7236,,
301,attr_6 < 3.8406 , attr_7 > 4.4522,,,
302,attr_0 == 'value_84',,,,
303,attr_6 > 6.2856 , attr_9 < 4.0695,,,
304,attr_2 == 'value_48' , attr_4 == 'value_34',,,
305,attr_2 == 'value_54' , attr_9 > 3.2305,,,
306,attr_7 > 5.7944,,,,
307,attr_3 == 'value_77' , attr_4 == 'value_82' , attr_8 < 4.1444,,
308,attr_0 == 'value_31' , attr_2 == 'value_75' , attr_6 < 5.2134 , attr_7 > 4.9506 , attr_9 > 5.4775
309,attr_1 == 'value_54' , attr_2 == 'value_47' , attr_5 > 4.9714 , attr_8 < 4.5111,
310,attr_6 < 3.6279 , attr_9 < 5.6489,,,
311,attr_6 > 4.4646 , attr_7 > 3.8365 , attr_9 > 5.5287,,
312,attr_0 == 'value_2' , attr_2 == 'value_79' , attr_6 < 5.1314,,
313,attr_2 == 'value_64' , attr_8 > 5.4792,,,
314,attr_2 == 'value_36',,,,
315,attr_4 == 'value_73' , attr_8 > 5.4066 , attr_9 < 7.4767,,
316,attr_4 == 'value_98' , attr_7 < 4.4464 , attr_9 < 5.4717,,
317,attr_6 > 7.3461 , attr_7 < 4.582,,,
318,attr_0 == 'value_81' , attr_5 < 4.7689 , attr_8 > 3.62,,
319,attr_6 < 4.4314,,,,
320,attr_0 == 'value_66' , attr_1 == 'value_70' , attr_9 > 5.2082,,
321,attr_1 == 'value_85' , attr_7 < 4.1363 , attr_8 < 3.4007,,
322,attr_3 == 'value_79' , attr_5 > 5.2365 , attr_6 > 4.2768 , attr_9 < 4.6917,
323,attr_2 == 'value_64' , attr_3 == 'value_45',,,
324,attr_2 == 'value_0',,,,
325,attr_1 == 'value_87' , attr_3 == 'value_23' , attr_8 > 5.2761 , attr_9 > 3.7853,
326,attr_2 == 'value_51' , attr_4 == 'value_80',,,
327,attr_1 == 'value_9' , attr_2 == 'value_47',,,
328,attr_0 == 'value_52' , attr_3 == 'value_0',,,
329,attr_0 == 'value_25' , attr_2 == 'value_19' , attr_5 < 4.5647 , attr_9 > 3.8347,
330,attr_4 == 'value_27',,,,
331,attr_2 == 'value_39',,,,
332,attr_3 == 'value_49',,,,
333,attr_0 == 'value_72',,,,
334,attr_2 == 'value_5' , attr_6 < 5.8593,,,
335,attr_6 < 5.6045 , attr_7 > 4.3282,,,
336,attr_6 > 3.431,,,,
337,attr_3 == 'value_50' , attr_5 > 4.7954 , attr_8 < 3.7975,,
338,attr_2 == 'value_21',,,,
339,attr_0 == 'value_8' , attr_5 > 6.7473 , attr_6 < 4.5485 , attr_7 < 4.5694,
340,attr_2 == 'value_12' , attr_3 == 'value_54' , attr_6 < 4.4393 , attr_8 < 5.4309,
341,attr_5 > 3.5477 , attr_9 < 5.064,,,
342,attr_2 == 'value_43',,,,
343,attr_3 == 'value_25' , attr_8 > 5.8782,,,
344,attr_0 == 'value_12' , attr_3 == 'value_7' , attr_7 < 4.3673,,
345,attr_3 == 'value_67' , attr_7 < 5.2884 , attr_8 > 3.4975,,
346,attr_3 == 'value_53' , attr_4 == 'value_37',,,
347,attr_1 == 'value_70' , attr_2 == 'value_0',,,
348,attr_3 == 'value_32' , attr_5 < 5.1842 , attr_9 < 6.3903,,
349,attr_5 > 6.7295 , attr_6 < 4.3233 , attr_8 < 4.5983,,
350,attr_2 == 'value_75' , attr_3 == 'value_87',,,
351,attr_2 == 'value_31',,,,
352,attr_0 == 'value_5' , attr_6 < 5.3552 , attr_7 > 7.3901,,
353,attr_8 > 5.3748 , attr_9 > 5.6895,,,
354,attr_1 == 'value_86' , attr_2 == 'value_92' , attr_5 > 6.9095,,
355,attr_4 == 'value_74',,,,
356,attr_6 < 4.7765 , attr_7 > 5.3359 , attr_8 < 5.2186,,
357,attr_3 == 'value_58' , attr_5 < 4.953,,,
358,attr_0 == 'value_49' , attr_1 == 'value_70' , attr_6 > 4.9559 , attr_9 < 3.9938,
359,attr_1 == 'value_88' , attr_7 < 4.7235,,,
360,attr_6 < 4.493 , attr_8 < 3.5654,,,
361,attr_2 == 'value_34' , attr_5 > 5.7964,,,
362,attr_7 > 6.569,,,,
363,attr_6 > 4.5821,,,,
364,attr_9 > 3.1736,,,,
365,attr_1 == 'value_34' , attr_3 == 'value_67' , attr_7 > 3.3734,,
366,attr_2 == 'value_43' , attr_4 == 'value_37',,,
367,attr_3 == 'value_51' , attr_4 == 'value_98',,,
368,attr_2 == 'value_92' , attr_3 == 'value_53',,,
369,attr_0 == 'value_76' , attr_8 > 4.9885,,,
370,attr_6 < 5.0684 , attr_8 < 4.493,,,
371,attr_2 == 'value_38' , attr_7 < 5.221 , attr_8 < 4.5355,,
372,attr_0 == 'value_0' , attr_3 == 'value_22' , attr_4 == 'value_94' , attr_6 > 5.9946,
373,attr_2 == 'value_68' , attr_7 < 5.9053,,,
374,attr_3 == 'value_15' , attr_7 > 5.7937 , attr_8 > 5.4815,,
375,attr_4 == 'value_8' , attr_5 < 6.081 , attr_7 > 5.8294,,
376,attr_3 == 'value_48' , attr_4 == 'value_79' , attr_6 < 6.1538,,
377,attr_2 == 'value_51',,,,
378,attr_0 == 'value_28' , attr_4 == 'value_82',,,
379,attr_1 == 'value_97' , attr_4 == 'value_19' , attr_5 < 3.5871 , attr_9 > 5.2807,
380,attr_2 == 'value_91' , attr_6 < 3.8699,,,
381,attr_9 < 5.4793,,,,
382,attr_1 == 'value_88' , attr_7 > 6.0246 , attr_8 > 5.9775,,
383,attr_7 < 4.9747 , attr_9 < 5.039,,,
384,attr_0 == 'value_41' , attr_8 < 5.3904,,,
385,attr_2 == 'value_21' , attr_5 < 3.6747 , attr_8 > 5.0148,,
386,attr_1 == 'value_82' , attr_8 > 5.4602 , attr_9 < 5.8095,,
387,attr_1 == 'value_69' , attr_7 < 2.5998 , attr_8 < 4.0374,,
388,attr_3 == 'value_46' , attr_4 == 'value_55' , attr_8 < 4.0574,,
389,attr_2 == 'value_4' , attr_3 == 'value_77' , attr_9 > 4.8871,,
390,attr_3 == 'value_82' , attr_7 > 6.1463 , attr_9 < 4.8658,,
391,attr_0 == 'value_60' , attr_2 == 'value_65',,,
392,attr_4 == 'value_69',,,,
393,attr_5 > 4.9402 , attr_7 < 4.5938 , attr_8 < 4.0185,,
394,attr_6 < 4.4487 , attr_7 > 4.9404 , attr_8 < 4.1434,,
395,attr_2 == 'value_24' , attr_6 < 6.2706,,,
396,attr_0 == 'value_26' , attr_1 == 'value_17',,,
397,attr_0 == 'value_1' , attr_5 > 5.622,,,
398,attr_4 == 'value_28' , attr_6 < 4.398 , attr_7 < 3.6942,,
399,attr_0 == 'value_18' , attr_4 == 'value_5' , attr_5 > 5.9781 , attr_6 > 4.8817,
400,attr_6 < 4.1827,,,,
401,attr_6 > 5.055 , attr_7 > 4.0212 , attr_8 < 4.0611 , attr_9 > 4.3581,
402,attr_0 == 'value_51' , attr_2 == 'value_66' , attr_8 > 5.7461,,
403,attr_1 == 'value_64' , attr_2 == 'value_38' , attr_5 > 4.9631 , attr_8 < 4.9839,
404,attr_1 == 'value_74' , attr_4 == 'value_41',,,
405,attr_5 > 5.4791 , attr_8 < 4.4292,,,
406,attr_2 == 'value_2' , attr_4 == 'value_9' , attr_7 < 4.1238,,
407,attr_6 < 5.873 , attr_9 > 6.6389,,,
408,attr_0 == 'value_97' , attr_2 == 'value_29' , attr_9 < 3.6846,,
409,attr_5 > 5.5009,,,,
410,attr_0 == 'value_21' , attr_1 == 'value_50' , attr_7 < 5.8861,,
411,attr_1 == 'value_99' , attr_2 == 'value_1' , attr_9 > 5.0907,,
412,attr_6 < 5.2013 , attr_7 > 4.8304 , attr_9 < 4.1976,,
413,attr_5 < 6.5545,,,,
414,attr_1 == 'value_38' , attr_9 > 5.2579,,,
415,attr_1 == 'value_86' , attr_2 == 'value_14' , attr_8 > 3.6832,,
416,attr_5 > 4.7767,,,,
417,attr_1 == 'value_7' , attr_5 < 5.2128,,,
418,attr_1 == 'value_5' , attr_5 < 4.8156,,,
419,attr_0 == 'value_34' , attr_4 == 'value_44',,,
420,attr_5 > 4.5582 , attr_8 > 4.5604,,,
421,attr_4 == 'value_26' , attr_5 < 5.2028 , attr_6 < 6.556,,
422,attr_6 < 4.7839 , attr_8 < 6.5515 , attr_9 < 4.2261,,
423,attr_2 == 'value_67' , attr_3 == 'value_73' , attr_8 > 3.4731 , attr_9 < 5.4286,
424,attr_0 == 'value_57' , attr_2 == 'value_40' , attr_5 > 6.233 , attr_8 > 6.4998,
425,attr_0 == 'value_20' , attr_5 > 5.2729 , attr_9 > 5.0781,,
426,attr_0 == 'value_17' , attr_2 == 'value_57' , attr_8 < 4.4438 , attr_9 < 4.0836,
427,attr_0 == 'value_70' , attr_7 > 6.8205 , attr_8 < 3.9119,,
428,attr_3 == 'value_15' , attr_4 == 'value_99' , attr_7 > 6.2296,,
429,attr_4 == 'value_41',,,,
430,attr_1 == 'value_44' , attr_2 == 'value_59',,,
431,attr_3 == 'value_36' , attr_7 > 3.8162,,,
432,attr_5 > 3.8707 , attr_9 < 6.1624,,,
433,attr_1 == 'value_75' , attr_3 == 'value_69',,,
434,attr_3 == 'value_5' , attr_7 > 5.9145,,,
435,attr_7 < 3.9889,,,,
436,attr_1 == 'value_74' , attr_4 == 'value_8' , attr_9 > 4.6794,,
437,attr_0 == 'value_48' , attr_2 == 'value_75' , attr_8 > 6.318,,
438,attr_0 == 'value_3' , attr_9 > 4.6756,,,
439,attr_6 > 6.3176 , attr_7 > 3.049,,,
440,attr_8 > 4.3825,,,,
441,attr_2 == 'value_66' , attr_5 < 4.8753 , attr_8 < 4.2931,,
442,attr_5 > 4.6018 , attr_6 > 4.9287,,,
443,attr_1 == 'value_5' , attr_5 < 4.2669 , attr_6 < 4.6657 , attr_8 < 4.9214 , attr_9 > 4.0868
444,attr_1 == 'value_7' , attr_7 > 4.9304 , attr_9 < 5.4605,,
445,attr_4 == 'value_2',,,,
446,attr_0 == 'value_99' , attr_1 == 'value_86' , attr_6 < 4.8579 , attr_7 > 4.382,
447,attr_0 == 'value_10' , attr_2 == 'value_65' , attr_6 > 3.5607,,
448,attr_1 == 'value_54' , attr_2 == 'value_81' , attr_6 > 5.752,,
449,attr_0 == 'value_42' , attr_2 == 'value_91' , attr_7 < 5.7166 , attr_9 < 6.6661,
450,attr_3 == 'value_60' , attr_9 < 5.3607,,,
451,attr_3 == 'value_81' , attr_4 == 'value_53' , attr_8 < 3.9837,,
452,attr_0 == 'value_2' , attr_3 == 'value_35' , attr_4 == 'value_67' , attr_8 < 4.2766,
453,attr_0 == 'value_73' , attr_2 == 'value_11' , attr_3 == 'value_99',,
454,attr_0 == 'value_71' , attr_3 == 'value_15',,,
455,attr_0 == 'value_16' , attr_1 == 'value_64' , attr_7 < 4.8951 , attr_8 > 3.6683,
456,attr_4 == 'value_23' , attr_5 < 2.2286 , attr_6 > 5.6172,,
457,attr_5 < 7.2605 , attr_8 < 3.5719,,,
458,attr_8 < 5.4454,,,,
459,attr_0 == 'value_47' , attr_9 < 5.5409,,,
460,attr_2 == 'value_13' , attr_4 == 'value_74',,,
461,attr_0 == 'value_68' , attr_8 < 5.7423,,,
462,attr_2 == 'value_88' , attr_6 < 4.4913 , attr_9 > 4.0894,,
463,attr_1 == 'value_40' , attr_3 == 'value_95' , attr_9 < 5.7697,,
464,attr_3 == 'value_76' , attr_5 > 6.5562,,,
465,attr_0 == 'value_80' , attr_2 == 'value_37' , attr_5 > 5.3069 , attr_7 > 5.6168,
466,attr_4 == 'value_19' , attr_6 > 5.5398 , attr_8 > 4.5679 , attr_9 < 5.8092,
467,attr_5 < 3.4564,,,,
468,attr_0 == 'value_95' , attr_1 == 'value_66' , attr_5 < 3.9263 , attr_7 > 4.4533,
469,attr_2 == 'value_40',,,,
470,attr_4 == 'value_29' , attr_6 > 4.9067,,,
471,attr_0 == 'value_25' , attr_8 < 7.776 , attr_9 > 4.2084,,
472,attr_5 > 5.7118 , attr_7 > 4.295,,,
473,attr_1 == 'value_86' , attr_2 == 'value_67' , attr_5 < 3.8223 , attr_9 > 4.3291,
474,attr_9 < 5.0246,,,,
475,attr_3 == 'value_10' , attr_5 < 4.7622 , attr_6 > 5.3285,,
476,attr_4 == 'value_28' , attr_5 < 5.3209 , attr_6 > 5.2138 , attr_9 > 5.5454,
477,attr_2 == 'value_2',,,,
478,attr_0 == 'value_7' , attr_4 == 'value_64',,,
479,attr_2 == 'value_63' , attr_3 == 'value_53' , attr_4 == 'value_33' , attr_5 < 5.6936,
480,attr_4 == 'value_98' , attr_8 < 3.6909,,,
481,attr_2 == 'value_14' , attr_4 == 'value_21' , attr_6 > 6.3586 , attr_9 > 4.246,
482,attr_2 == 'value_82' , attr_6 < 5.1226,,,
483,attr_0 == 'value_4' , attr_1 == 'value_8' , attr_7 > 5.2543,,
484,attr_0 == 'value_18' , attr_9 < 5.8117,,,
485,attr_1 == 'value_98' , attr_2 == 'value_80' , attr_6 > 4.6738 , attr_9 > 3.751,
486,attr_2 == 'value_94' , attr_5 < 3.525 , attr_6 < 5.3988,,
487,attr_3 == 'value_46' , attr_4 == 'value_29' , attr_5 > 4.707,,
488,attr_3 == 'value_9' , attr_5 > 5.0149,,,
489,attr_0 == 'value_61' , attr_1 == 'value_42' , attr_8 > 5.4415 , attr_9 < 5.9573,
490,attr_5 > 3.5625 , attr_6 > 5.4774 , attr_8 < 4.3203,,
491,attr_2 == 'value_16' , attr_9 > 5.0485,,,
492,attr_0 == 'value_80' , attr_4 == 'value_45',,,
493,attr_9 > 3.8732,,,,
494,attr_0 == 'value_8' , attr_1 == 'value_26',,,
495,attr_4 == 'value_93' , attr_5 < 7.7251 , attr_8 > 4.4365 , attr_9 < 4.3614,
496,attr_9 < 5.5492,,,,
497,attr_0 == 'value_89' , attr_9 > 3.9589,,,
498,attr_7 > 4.3247 , attr_9 < 4.5786,,,
499,attr_1 == 'value_14' , attr_9 > 5.101,,,
500,attr_0 == 'value_83' , attr_2 == 'value_67' , attr_7 > 4.8083 , attr_9 < 5.8838,
501,attr_1 == 'value_58' , attr_2 == 'value_34' , attr_6 > 4.7778,,
502,attr_7 > 5.8555,,,,
503,attr_1 == 'value_96' , attr_3 == 'value_95' , attr_7 > 3.2079,,
504,attr_5 < 4.6596 , attr_7 < 4.5118 , attr_9 < 5.6104,,
505,attr_1 == 'value_53' , attr_4 == 'value_50' , attr_7 > 5.6791,,
506,attr_1 == 'value_77' , attr_5 > 4.642,,,
507,attr_0 == 'value_54' , attr_3 == 'value_83' , attr_8 > 6.111,,
508,attr_0 == 'value_88' , attr_5 < 4.9062 , attr_7 > 4.5866 , attr_8 < 4.3139,
509,attr_1 == 'value_70' , attr_9 < 5.5273,,,
510,attr_0 == 'value_78' , attr_8 < 3.9068 , attr_9 < 4.6743,,
511,attr_1 == 'value_95' , attr_2 == 'value_46' , attr_6 > 5.6235 , attr_9 < 5.6102,
512,attr_9 < 4.326,,,,
513,attr_2 == 'value_81' , attr_9 < 7.2009,,,
514,attr_2 == 'value_43' , attr_4 == 'value_68' , attr_8 < 5.9196,,
515,attr_0 == 'value_87' , attr_2 == 'value_89',,,
516,attr_2 == 'value_39' , attr_4 == 'value_63' , attr_7 < 6.9981,,
517,attr_1 == 'value_72' , attr_3 == 'value_45' , attr_5 > 3.5827,,
518,attr_1 == 'value_10',,,,
519,attr_8 > 5.4232,,,,
520,attr_3 == 'value_34' , attr_9 > 3.9152,,,
521,attr_6 > 4.5027,,,,
522,attr_9 < 3.9595,,,,
523,attr_1 == 'value_62' , attr_5 < 4.5245 , attr_9 > 5.9445,,
524,attr_3 == 'value_21' , attr_5 > 2.3089,,,
525,attr_6 < 5.595 , attr_7 < 5.6251,,,
526,attr_6 > 4.9793 , attr_8 > 4.6499,,,
527,attr_7 < 5.6098 , attr_9 > 5.481,,,
528,attr_4 == 'value_0' , attr_5 > 3.6915,,,
529,attr_5 < 5.6324 , attr_7 > 5.2945,,,
530,attr_4 == 'value_95' , attr_7 > 6.1817 , attr_8 > 3.515,,
531,attr_2 == 'value_70' , attr_3 == 'value_58',,,
532,attr_3 == 'value_65',,,,
533,attr_2 == 'value_11' , attr_9 > 4.8722,,,
534,attr_1 == 'value_56' , attr_2 == 'value_1' , attr_4 == 'value_80' , attr_7 > 5.077,
535,attr_2 == 'value_99' , attr_5 > 5.4522 , attr_6 < 4.7786,,
536,attr_0 == 'value_16' , attr_2 == 'value_37' , attr_9 > 6.6113,,
537,attr_6 < 6.5584 , attr_9 > 4.1018,,,
538,attr_5 < 6.0588 , attr_6 < 5.7667 , attr_7 < 4.3296,,
539,attr_1 == 'value_17' , attr_4 == 'value_79',,,
540,attr_1 == 'value_0' , attr_3 == 'value_18' , attr_5 < 6.0703 , attr_6 > 4.1323,
541,attr_4 == 'value_80' , attr_5 > 3.4357 , attr_7 < 5.4692 , attr_8 < 4.3321,
542,attr_6 < 5.3312 , attr_7 > 5.2414 , attr_8 > 5.9095,,
543,attr_3 == 'value_26',,,,
544,attr_3 == 'value_93' , attr_4 == 'value_10',,,
545,attr_6 < 4.1285 , attr_8 < 3.7949,,,
546,attr_5 < 4.8952 , attr_6 > 5.0357,,,
547,attr_5 > 4.1273 , attr_6 < 4.2054,,,
548,attr_2 == 'value_32' , attr_7 < 6.1147 , attr_9 < 5.222,,
549,attr_4 == 'value_10',,,,
550,attr_1 == 'value_19' , attr_3 == 'value_47' , attr_5 > 4.1858,,
551,attr_5 < 4.9396,,,,
552,attr_5 > 4.6151 , attr_6 < 4.0478,,,
553,attr_0 == 'value_77' , attr_3 == 'value_22' , attr_5 > 5.4515 , attr_8 > 4.3906,
554,attr_1 == 'value_65' , attr_2 == 'value_92' , attr_9 > 5.2056,,
555,attr_5 < 4.0692 , attr_8 < 3.8819,,,
556,attr_5 < 3.2036 , attr_8 < 6.1471,,,
557,attr_2 == 'value_93' , attr_8 < 3.255,,,
558,attr_6 < 4.2909,,,,
559,attr_5 > 4.8497 , attr_6 > 4.8563 , attr_8 < 3.6881,,
560,attr_2 == 'value_22',,,,
561,attr_1 == 'value_48' , attr_2 == 'value_48' , attr_9 < 4.7188,,
562,attr_1 == 'value_17' , attr_2 == 'value_40' , attr_7 > 4.5382 , attr_8 < 5.0656,
563,attr_7 > 3.5662 , attr_8 > 3.589,,,
564,attr_2 == 'value_69' , attr_7 > 4.4503 , attr_8 > 5.6098,,
565,attr_0 == 'value_98' , attr_1 == 'value_22',,,
566,attr_6 > 6.1359 , attr_8 < 5.1188,,,
567,attr_0 == 'value_17' , attr_6 > 4.3776,,,
568,attr_0 == 'value_1' , attr_4 == 'value_14' , attr_8 > 5.278,,
569,attr_2 == 'value_7' , attr_3 == 'value_71' , attr_9 < 6.0813,,
570,attr_1 == 'value_85',,,,
571,attr_0 == 'value_58' , attr_5 > 4.4292,,,
572,attr_8 > 4.5678,,,,
573,attr_0 == 'value_85' , attr_4 == 'value_8',,,
574,attr_0 == 'value_8' , attr_1 == 'value_80' , attr_8 > 6.2836,,
575,attr_1 == 'value_42' , attr_7 > 6.3983,,,
576,attr_4 == 'value_14' , attr_5 > 5.7468,,,
577,attr_2 == 'value_60' , attr_9 > 5.8791,,,
578,attr_3 == 'value_93' , attr_4 == 'value_85',,,
579,attr_0 == 'value_22' , attr_6 < 5.7322 , attr_7 > 4.8055,,
580,attr_0 == 'value_94' , attr_4 == 'value_53' , attr_9 < 6.5363,,
581,attr_0 == 'value_2' , attr_7 < 3.9377 , attr_8 > 5.8344,,
582,attr_7 < 4.3402,,,,
583,attr_0 == 'value_42' , attr_1 == 'value_67' , attr_3 == 'value_70' , attr_8 < 6.6048,
584,attr_4 == 'value_1' , attr_6 > 3.8216,,,
585,attr_0 == 'value_58' , attr_1 == 'value_31',,,
586,attr_2 == 'value_92' , attr_3 == 'value_1' , attr_5 > 4.6185,,
587,attr_6 < 4.8562 , attr_9 > 4.9938,,,
588,attr_1 == 'value_49' , attr_2 == 'value_73' , attr_7 > 6.1972,,
589,attr_0 == 'value_32' , attr_5 > 5.3078 , attr_6 > 4.0232 , attr_7 < 5.0665,
590,attr_1 == 'value_91' , attr_3 == 'value_81',,,
591,attr_1 == 'value_73' , attr_4 == 'value_2' , attr_7 > 4.773,,
592,attr_0 == 'value_43' , attr_2 == 'value_16' , attr_5 < 3.8205 , attr_8 < 4.7088,
593,attr_4 == 'value_10' , attr_9 > 4.5536,,,
594,attr_7 > 6.4066,,,,
595,attr_4 == 'value_46' , attr_9 > 4.5238,,,
596,attr_0 == 'value_68' , attr_1 == 'value_22' , attr_8 > 5.7129,,
597,attr_3 == 'value_40' , attr_6 < 5.6274,,,
598,attr_0 == 'value_16' , attr_2 == 'value_98' , attr_5 > 5.3612 , attr_8 < 4.2372,
599,attr_2 == 'value_68' , attr_7 < 5.7597 , attr_8 < 5.2454,,
600,attr_4 == 'value_5' , attr_5 < 5.2467,,,
601,attr_3 == 'value_56' , attr_4 == 'value_30' , attr_8 < 5.5626,,
602,attr_3 == 'value_22' , attr_4 == 'value_37' , attr_6 > 4.2659,,
603,attr_3 == 'value_22' , attr_9 > 5.8682,,,
604,attr_2 == 'value_33' , attr_6 > 3.9456,,,
605,attr_0 == 'value_40' , attr_2 == 'value_36' , attr_9 > 5.1323,,
606,attr_1 == 'value_25' , attr_3 == 'value_22',,,
607,attr_1 == 'value_44' , attr_6 < 6.5332 , attr_8 < 2.7695 , attr_9 > 5.3064,
608,attr_1 == 'value_37' , attr_3 == 'value_22' , attr_9 < 6.1549,,
609,attr_0 == 'value_70' , attr_6 > 5.663,,,
610,attr_1 == 'value_98' , attr_2 == 'value_29' , attr_6 < 4.1888 , attr_7 < 6.8519,
611,attr_4 == 'value_0' , attr_5 > 4.5064,,,
612,attr_1 == 'value_19' , attr_5 > 5.3938,,,
613,attr_4 == 'value_96' , attr_9 > 4.7819,,,
614,attr_4 == 'value_98',,,,
615,attr_0 == 'value_89' , attr_5 > 4.976 , attr_6 < 3.8581,,
616,attr_8 < 4.4694,,,,
617,attr_2 == 'value_75' , attr_4 == 'value_54',,,
618,attr_1 == 'value_11' , attr_5 > 4.3933,,,
619,attr_0 == 'value_9' , attr_4 == 'value_33' , attr_5 < 4.8895 , attr_7 < 5.3323,
620,attr_0 == 'value_99' , attr_9 < 6.1398,,,
621,attr_2 == 'value_24' , attr_7 < 4.6401,,,
622,attr_2 == 'value_99' , attr_5 < 3.7706 , attr_8 > 5.3181 , attr_9 < 4.9696,
623,attr_4 == 'value_12',,,,
624,attr_5 < 5.8671 , attr_6 < 6.1795 , attr_7 > 3.3742,,
625,attr_1 == 'value_79' , attr_4 == 'value_55' , attr_5 > 4.1701 , attr_6 > 4.9217 , attr_8 < 6.5438
626,attr_1 == 'value_31' , attr_2 == 'value_37' , attr_7 > 6.4149,,
627,attr_1 == 'value_42' , attr_6 > 4.6122,,,
628,attr_1 == 'value_52' , attr_3 == 'value_86' , attr_7 < 4.9215 , attr_9 > 5.2303,
629,attr_3 == 'value_59' , attr_8 < 4.6788,,,
630,attr_0 == 'value_27' , attr_6 < 6.3697,,,
631,attr_5 > 3.5652 , attr_6 < 6.2518 , attr_8 < 5.0533,,
632,attr_0 == 'value_81' , attr_2 == 'value_71' , attr_8 > 4.5329,,
633,attr_3 == 'value_71' , attr_7 > 6.0335 , attr_9 > 5.664,,
634,attr_0 == 'value_26' , attr_5 < 5.3043 , attr_6 < 6.6949 , attr_7 > 4.4293,
635,attr_9 > 5.3461,,,,
636,attr_1 == 'value_34' , attr_7 < 6.2202,,,
637,attr_0 == 'value_80' , attr_7 < 4.3461 , attr_8 > 5.03,,
638,attr_6 < 6.1539 , attr_8 > 7.1045,,,
639,attr_5 < 5.9098 , attr_8 > 3.8076,,,
640,attr_4 == 'value_68',,,,
641,attr_1 == 'value_62' , attr_2 == 'value_69',,,
642,attr_4 == 'value_2' , attr_5 < 3.3583 , attr_7 < 5.5052,,
643,attr_0 == 'value_97',,,,
644,attr_0 == 'value_34' , attr_3 == 'value_43' , attr_6 > 5.2028 , attr_9 < 4.6914,
645,attr_1 == 'value_73' , attr_4 == 'value_82' , attr_7 < 6.1129 , attr_9 > 5.5441,
646,attr_5 < 5.6858 , attr_8 > 7.2421,,,
647,attr_4 == 'value_15' , attr_7 < 5.5714,,,
648,attr_0 == 'value_59' , attr_5 < 2.063 , attr_8 < 4.2304 , attr_9 < 5.8728,
649,attr_4 == 'value_55' , attr_5 < 5.9562,,,
650,attr_0 == 'value_50' , attr_6 < 5.5108 , attr_9 < 4.8781,,
651,attr_0 == 'value_87' , attr_2 == 'value_51',,,
652,attr_1 == 'value_25' , attr_6 < 5.7924 , attr_7 < 3.7713,,
653,attr_5 > 3.3845 , attr_6 < 4.2867,,,
654,attr_2 == 'value_58' , attr_3 == 'value_82',,,
655,attr_6 > 4.8229 , attr_7 > 4.2626,,,
656,attr_0 == 'value_15' , attr_1 == 'value_7' , attr_6 < 3.0735,,
657,attr_7 > 6.5541 , attr_9 < 3.9747,,,
658,attr_5 < 6.4939 , attr_9 > 3.896,,,
659,attr_3 == 'value_82',,,,
660,attr_1 == 'value_61' , attr_4 == 'value_76' , attr_5 < 6.061,,
661,attr_4 == 'value_98' , attr_6 < 4.9397 , attr_7 > 5.5033 , attr_9 > 4.0283,
662,attr_0 == 'value_3' , attr_1 == 'value_55' , attr_5 > 4.5892,,
663,attr_5 > 3.3628 , attr_8 < 6.2452 , attr_9 < 6.9241,,
664,attr_2 == 'value_40' , attr_5 > 5.1596,,,
665,attr_3 == 'value_73' , attr_6 > 7.708,,,
666,attr_2 == 'value_32' , attr_3 == 'value_41' , attr_5 > 2.8312,,
667,attr_3 == 'value_95' , attr_9 > 3.6456,,,
668,attr_0 == 'value_57',,,,
669,attr_5 < 6.0305 , attr_9 > 3.8542,,,
670,attr_1 == 'value_79' , attr_6 < 6.1005,,,
671,attr_6 > 5.0547 , attr_8 < 4.5295,,,
672,attr_1 == 'value_18' , attr_3 == 'value_82' , attr_7 < 5.6871,,
673,attr_1 == 'value_87',,,,
674,attr_4 == 'value_82' , attr_7 > 5.7393,,,
675,attr_0 == 'value_34' , attr_4 == 'value_84' , attr_8 > 4.4279,,
676,attr_3 == 'value_86' , attr_4 == 'value_63' , attr_7 > 3.5831 , attr_9 < 5.4674,
677,attr_0 == 'value_16' , attr_5 < 6.0486 , attr_6 < 5.537,,
678,attr_2 == 'value_9' , attr_6 > 3.3633,,,
679,attr_2 == 'value_0' , attr_8 > 5.8664 , attr_9 < 5.5582,,
680,attr_2 == 'value_50' , attr_6 < 5.2212,,,
681,attr_0 == 'value_81' , attr_2 == 'value_71',,,
682,attr_2 == 'value_19' , attr_6 < 4.4732 , attr_7 > 5.0343,,
683,attr_0 == 'value_38' , attr_3 == 'value_49' , attr_7 > 4.1133 , attr_9 > 6.1465,
684,attr_6 < 5.1514,,,,
685,attr_0 == 'value_19' , attr_5 < 5.6146,,,
686,attr_1 == 'value_13' , attr_8 < 5.5701 , attr_9 > 4.7638,,
687,attr_4 == 'value_43',,,,
688,attr_2 == 'value_2' , attr_6 < 4.6604,,,
689,attr_6 > 5.3882,,,,
690,attr_4 == 'value_47' , attr_8 < 5.3322,,,
691,attr_2 == 'value_72' , attr_3 == 'value_14' , attr_6 > 6.0042 , attr_7 < 4.4189 , attr_8 < 5.4428
692,attr_2 == 'value_0' , attr_7 < 5.3224,,,
693,attr_0 == 'value_10' , attr_6 > 6.1475,,,
694,attr_4 == 'value_65',,,,
695,attr_8 < 6.1228,,,,
696,attr_0 == 'value_26' , attr_6 > 3.9215 , attr_8 < 6.8345,,
697,attr_1 == 'value_2' , attr_3 == 'value_55' , attr_8 < 4.4836,,
698,attr_7 > 3.732 , attr_9 < 5.2945,,,
699,attr_9 < 4.3829,,,,
700,attr_2 == 'value_32' , attr_3 == 'value_34' , attr_7 < 5.6195,,
701,attr_0 == 'value_76',,,,
702,attr_0 == 'value_65' , attr_5 > 2.8061 , attr_6 < 7.1536 , attr_9 < 6.0431,
703,attr_7 > 6.5996 , attr_9 > 5.9893,,,
704,attr_0 == 'value_79' , attr_5 < 5.5585 , attr_7 < 3.4269,,
705,attr_0 == 'value_63' , attr_7 > 4.1178 , attr_9 < 4.335,,
706,attr_3 == 'value_38' , attr_4 == 'value_75' , attr_5 < 5.8211 , attr_9 > 4.4258,
707,attr_3 == 'value_90' , attr_4 == 'value_37' , attr_5 < 4.0911,,
708,attr_3 == 'value_89' , attr_7 > 4.2147 , attr_8 < 4.2101 , attr_9 > 4.0914,
709,attr_3 == 'value_0' , attr_4 == 'value_82' , attr_7 < 4.4375,,
710,attr_7 > 4.8519 , attr_8 < 5.7558,,,
711,attr_1 == 'value_74' , attr_2 == 'value_81' , attr_7 > 5.097,,
712,attr_9 > 3.6638,,,,
713,attr_6 > 3.9524 , attr_8 < 5.5591,,,
714,attr_6 < 4.2967 , attr_8 > 2.9464,,,
715,attr_1 == 'value_55' , attr_7 < 3.5107 , attr_9 < 4.442,,
716,attr_1 == 'value_31' , attr_7 < 6.065,,,
717,attr_1 == 'value_78' , attr_5 > 4.4142 , attr_8 < 3.305 , attr_9 > 4.8601,
718,attr_0 == 'value_79' , attr_5 < 5.2175 , attr_8 < 5.5467,,
719,attr_5 > 4.4068,,,,
720,attr_1 == 'value_88' , attr_4 == 'value_36',,,
721,attr_2 == 'value_5' , attr_7 < 4.4646,,,
722,attr_8 < 5.087 , attr_9 > 4.2666,,,
723,attr_0 == 'value_4' , attr_5 < 4.5063 , attr_9 < 5.0252,,
724,attr_4 == 'value_52' , attr_6 < 5.1234 , attr_7 > 7.8335,,
725,attr_1 == 'value_33' , attr_4 == 'value_53' , attr_5 > 5.6907,,
726,attr_2 == 'value_88' , attr_5 < 5.9785,,,
727,attr_0 == 'value_13' , attr_1 == 'value_82' , attr_7 > 6.4755,,
728,attr_5 < 4.483,,,,
729,attr_8 > 6.2907,,,,
730,attr_0 == 'value_0' , attr_7 < 4.6466 , attr_8 < 6.7907,,
731,attr_4 == 'value_51',,,,
732,attr_0 == 'value_45' , attr_7 < 4.7042,,,
733,attr_1 == 'value_91' , attr_3 == 'value_39' , attr_7 < 5.7828,,
734,attr_1 == 'value_30',,,,
735,attr_1 == 'value_50' , attr_6 < 5.9668 , attr_7 < 4.8774,,
736,attr_4 == 'value_12' , attr_6 < 4.8883,,,
737,attr_0 == 'value_34' , attr_8 > 4.9103,,,
738,attr_1 == 'value_33',,,,
739,attr_2 == 'value_28' , attr_3 == 'value_1' , attr_5 > 6.1385 , attr_9 < 5.9263,
740,attr_7 < 4.9096,,,,
741,attr_2 == 'value_43' , attr_6 > 4.9036,,,
742,attr_3 == 'value_94' , attr_6 < 4.0133 , attr_8 > 4.0134,,
743,attr_5 > 4.244 , attr_8 < 1.8897,,,
744,attr_1 == 'value_78' , attr_5 > 7.6056 , attr_8 < 3.511,,
745,attr_1 == 'value_93' , attr_6 < 4.8478 , attr_9 > 5.2491,,
746,attr_4 == 'value_64',,,,
747,attr_4 == 'value_97' , attr_7 < 4.2859,,,
748,attr_1 == 'value_84' , attr_4 == 'value_4' , attr_5 < 6.854 , attr_6 < 6.147,
749,attr_3 == 'value_17' , attr_8 < 4.606 , attr_9 > 3.8655,,
750,attr_0 == 'value_48' , attr_2 == 'value_5',,,
751,attr_1 == 'value_35' , attr_7 > 5.5508,,,
752,attr_1 == 'value_79' , attr_2 == 'value_70' , attr_9 < 4.7417,,
753,attr_0 == 'value_79' , attr_3 == 'value_47' , attr_5 > 6.8954,,
754,attr_0 == 'value_90' , attr_5 > 5.0358 , attr_9 < 6.0523,,
755,attr_5 > 4.1806 , attr_6 > 5.722 , attr_7 < 4.8107 , attr_9 < 5.845,
756,attr_4 == 'value_35' , attr_7 > 5.2248 , attr_9 < 5.3815,,
757,attr_0 == 'value_50' , attr_7 > 5.3984,,,
758,attr_5 > 6.2759,,,,
759,attr_6 < 6.7227,,,,
760,attr_2 == 'value_69' , attr_4 == 'value_42' , attr_5 < 3.525,,
761,attr_8 < 4.8591 , attr_9 < 5.7882,,,
762,attr_0 == 'value_33' , attr_4 == 'value_53' , attr_5 > 3.9725,,
763,attr_1 == 'value_54',,,,
764,attr_0 == 'value_57' , attr_9 > 4.1101,,,
765,attr_1 == 'value_95' , attr_2 == 'value_2' , attr_7 > 4.7905 , attr_9 > 4.7964,
766,attr_5 > 5.7496 , attr_9 < 5.6732,,,
767,attr_3 == 'value_63' , attr_8 > 5.0253,,,
768,attr_3 == 'value_87',,,,
769,attr_0 == 'value_74' , attr_5 < 5.5242,,,
770,attr_0 == 'value_43' , attr_3 == 'value_56',,,
771,attr_3 == 'value_97' , attr_7 > 5.0652 , attr_9 < 3.5785,,
772,attr_0 == 'value_67' , attr_2 == 'value_1',,,
773,attr_0 == 'value_44' , attr_8 < 5.7309,,,
774,attr_2 == 'value_7' , attr_5 > 5.4687 , attr_6 < 5.6096,,
775,attr_1 == 'value_80' , attr_5 > 5.1542 , attr_7 < 6.9959 , attr_9 < 4.9758,
776,attr_4 == 'value_63' , attr_5 < 2.9603 , attr_9 < 5.831,,
777,attr_2 == 'value_41' , attr_4 == 'value_64',,,
778,attr_0 == 'value_84' , attr_5 < 3.9652,,,
779,attr_5 < 3.0362 , attr_6 < 5.5738,,,
780,attr_5 > 4.5494 , attr_6 < 6.9619,,,
781,attr_2 == 'value_73' , attr_8 < 5.128,,,
782,attr_0 == 'value_54' , attr_1 == 'value_22' , attr_5 < 5.8296 , attr_8 < 5.2161,
783,attr_3 == 'value_29',,,,
784,attr_1 == 'value_76' , attr_2 == 'value_80' , attr_8 < 6.0595 , attr_9 > 5.1371,
785,attr_0 == 'value_13' , attr_5 < 4.5774 , attr_9 < 5.5679,,
786,attr_5 < 5.7011 , attr_7 < 3.3286,,,
787,attr_6 > 4.1214 , attr_8 < 4.8349 , attr_9 < 6.115,,
788,attr_3 == 'value_61' , attr_7 > 4.903 , attr_9 < 4.7516,,
789,attr_1 == 'value_81' , attr_6 > 4.7596,,,
790,attr_3 == 'value_42' , attr_7 > 5.9265 , attr_9 < 5.3356,,
791,attr_9 < 4.7563,,,,
792,attr_2 == 'value_11' , attr_6 < 4.358,,,
793,attr_6 > 4.4296,,,,
794,attr_9 > 3.2453,,,,
795,attr_4 == 'value_88' , attr_5 > 4.3085 , attr_6 > 3.9703,,
796,attr_1 == 'value_46' , attr_5 < 6.8696 , attr_8 < 4.3912,,
797,attr_3 == 'value_0' , attr_6 < 4.5044,,,
798,attr_5 > 5.4892 , attr_9 < 6.1322,,,
799,attr_3 == 'value_62' , attr_9 > 5.4013,,,
800,attr_0 == 'value_17' , attr_3 == 'value_14' , attr_9 < 4.0203,,
801,attr_5 < 2.7591 , attr_7 < 7.6053 , attr_8 > 3.3731,,
802,attr_1 == 'value_9' , attr_2 == 'value_67',,,
803,attr_1 == 'value_53' , attr_9 < 3.6702,,,
804,attr_0 == 'value_82',,,,
805,attr_0 == 'value_61' , attr_1 == 'value_7' , attr_9 < 4.2173,,
806,attr_3 == 'value_7' , attr_9 < 4.7183,,,
807,attr_2 == 'value_36' , attr_5 < 5.9267,,,
808,attr_9 < 5.1778,,,,
809,attr_7 > 4.8327 , attr_8 < 7.3103 , attr_9 > 4.8562,,
810,attr_9 < 4.3048,,,,
811,attr_2 == 'value_72' , attr_3 == 'value_10' , attr_9 < 5.8108,,
812,attr_1 == 'value_33' , attr_3 == 'value_90' , attr_7 > 5.6431 , attr_9 < 5.8036,
813,attr_4 == 'value_43' , attr_5 < 4.0802 , attr_8 > 4.1744,,
814,attr_1 == 'value_57' , attr_3 == 'value_77' , attr_6 < 4.8187,,
815,attr_6 > 4.4742 , attr_7 < 4.0757 , attr_8 < 5.9918,,
816,attr_2 == 'value_22' , attr_5 < 3.682 , attr_6 > 2.6828,,
817,attr_6 > 2.6857 , attr_8 < 6.7877,,,
818,attr_1 == 'value_12' , attr_2 == 'value_54' , attr_8 > 5.9361 , attr_9 > 4.4739,
819,attr_8 > 4.4041 , attr_9 < 4.0389,,,
820,attr_1 == 'value_4' , attr_2 == 'value_46' , attr_5 < 5.5046 , attr_8 > 3.2862,
821,attr_1 == 'value_22' , attr_7 > 5.1423,,,
822,attr_2 == 'value_45' , attr_4 == 'value_94' , attr_7 < 5.3712,,
823,attr_3 == 'value_67',,,,
824,attr_6 > 5.9546 , attr_8 < 5.8285,,,
825,attr_0 == 'value_19' , attr_3 == 'value_6' , attr_5 > 5.3463,,
826,attr_0 == 'value_73' , attr_5 < 6.8212 , attr_6 > 6.1739,,
827,attr_2 == 'value_60' , attr_5 > 3.5267 , attr_7 < 6.0131 , attr_8 < 4.3425,
828,attr_2 == 'value_35' , attr_6 > 6.4713 , attr_7 < 6.6162,,
829,attr_0 == 'value_49' , attr_7 > 5.1359,,,
830,attr_1 == 'value_73' , attr_3 == 'value_14',,,
831,attr_4 == 'value_6' , attr_5 < 3.1879 , attr_7 < 5.4448 , attr_9 < 4.8966,
832,attr_2 == 'value_13' , attr_9 < 5.4898,,,
833,attr_6 < 5.3234 , attr_7 > 4.493,,,
834,attr_0 == 'value_21',,,,
835,attr_2 == 'value_82' , attr_6 < 4.6097 , attr_8 > 3.0613,,
836,attr_1 == 'value_31' , attr_6 > 4.2358 , attr_7 > 5.1518,,
837,attr_0 == 'value_33' , attr_2 == 'value_13' , attr_6 > 5.6841 , attr_7 < 6.9773,
838,attr_2 == 'value_26' , attr_5 < 3.2415 , attr_8 < 5.1911,,
839,attr_2 == 'value_24' , attr_3 == 'value_21',,,
840,attr_1 == 'value_78',,,,
841,attr_0 == 'value_28',,,,
842,attr_3 == 'value_43' , attr_4 == 'value_93' , attr_7 < 3.5998,,
843,attr_2 == 'value_27' , attr_6 > 4.3792 , attr_7 > 4.6704,,
844,attr_6 < 4.7977,,,,
845,attr_1 == 'value_85' , attr_7 > 4.6335 , attr_8 < 3.9582,,
846,attr_2 == 'value_29' , attr_8 > 5.6968,,,
847,attr_5 < 3.8389 , attr_9 < 4.1203,,,
848,attr_5 > 4.6794 , attr_8 > 6.0623,,,
849,attr_2 == 'value_0' , attr_5 > 3.7845 , attr_6 < 4.3112 , attr_9 < 5.1845,
850,attr_6 < 5.0943,,,,
851,attr_4 == 'value_82' , attr_7 > 6.0587,,,
852,attr_9 > 3.151,,,,
853,attr_4 == 'value_54' , attr_8 > 4.9453,,,
854,attr_0 == 'value_82' , attr_5 < 4.6516 , attr_9 < 4.128,,
855,attr_5 > 5.9812 , attr_9 < 4.8499,,,
856,attr_0 == 'value_32' , attr_1 == 'value_52' , attr_5 > 5.2372,,
857,attr_1 == 'value_44' , attr_6 > 4.5147 , attr_7 < 4.4017 , attr_9 < 5.8426,
858,attr_0 == 'value_87' , attr_7 < 5.2114,,,
859,attr_3 == 'value_57' , attr_9 > 6.2494,,,
860,attr_4 == 'value_13' , attr_9 > 3.5426,,,
861,attr_1 == 'value_61' , attr_2 == 'value_63' , attr_5 > 4.2455,,
862,attr_2 == 'value_44' , attr_5 < 3.966,,,
863,attr_7 > 6.0678,,,,
864,attr_1 == 'value_9' , attr_2 == 'value_90' , attr_6 < 8.1081,,
865,attr_4 == 'value_19' , attr_5 > 5.9582 , attr_9 < 4.3625,,
866,attr_0 == 'value_95' , attr_6 > 5.1411,,,
867,attr_0 == 'value_50' , attr_2 == 'value_60' , attr_5 < 3.2713,,
868,attr_1 == 'value_93',,,,
869,attr_3 == 'value_6' , attr_4 == 'value_43' , attr_9 < 4.3173,,
870,attr_0 == 'value_21' , attr_4 == 'value_55',,,
871,attr_1 == 'value_32',,,,
872,attr_1 == 'value_48' , attr_2 == 'value_50',,,
873,attr_1 == 'value_79' , attr_7 < 5.1101,,,
874,attr_3 == 'value_29' , attr_7 < 4.9179,,,
875,attr_1 == 'value_35' , attr_2 == 'value_18',,,
876,attr_2 == 'value_52' , attr_6 < 4.7239 , attr_8 > 5.0594,,
877,attr_2 == 'value_69' , attr_9 > 5.8115,,,
878,attr_2 == 'value_96' , attr_4 == 'value_77' , attr_7 < 4.8579 , attr_9 < 5.6452,
879,attr_1 == 'value_68' , attr_2 == 'value_96' , attr_5 > 4.9594,,
880,attr_0 == 'value_51' , attr_5 < 6.8971,,,
881,attr_5 < 3.8929,,,,
882,attr_1 == 'value_91' , attr_7 < 7.3737,,,
883,attr_7 < 4.3426,,,,
884,attr_6 < 3.662 , attr_7 > 5.6426,,,
885,attr_5 > 5.1695 , attr_7 < 5.296 , attr_9 < 5.5424,,
886,attr_5 > 5.6738 , attr_6 < 3.1843,,,
887,attr_0 == 'value_70' , attr_4 == 'value_59' , attr_5 > 4.0748,,
888,attr_0 == 'value_51' , attr_7 < 6.0418,,,
889,attr_6 > 3.2727 , attr_7 < 6.0717,,,
890,attr_2 == 'value_6' , attr_3 == 'value_47' , attr_5 < 4.2157,,
891,attr_1 == 'value_3' , attr_3 == 'value_55' , attr_5 < 5.3072,,
892,attr_1 == 'value_42' , attr_3 == 'value_3' , attr_5 < 2.5494,,
893,attr_0 == 'value_41' , attr_3 == 'value_85',,,
894,attr_6 < 2.6749 , attr_7 < 5.5315,,,
895,attr_0 == 'value_58',,,,
896,attr_0 == 'value_35' , attr_2 == 'value_60' , attr_7 > 3.8322 , attr_8 < 6.2479,
897,attr_1 == 'value_5',,,,
898,attr_1 == 'value_81' , attr_8 > 6.2815 , attr_9 < 4.5998,,
899,attr_5 > 5.1613 , attr_6 > 5.1397,,,
900,attr_2 == 'value_56' , attr_5 > 4.3783 , attr_6 < 6.0976,,
901,attr_0 == 'value_63' , attr_2 == 'value_7' , attr_8 < 5.5857,,
902,attr_5 > 4.3631,,,,
903,attr_0 == 'value_62' , attr_1 == 'value_34' , attr_5 < 4.0034 , attr_6 < 5.1887,
904,attr_1 == 'value_98' , attr_3 == 'value_5' , attr_7 < 4.9716 , attr_8 < 4.8351,
905,attr_5 < 4.5048 , attr_7 > 6.1628,,,
906,attr_2 == 'value_79',,,,
907,attr_0 == 'value_90' , attr_2 == 'value_61' , attr_5 < 5.3721 , attr_8 > 3.6653,
908,attr_3 == 'value_89' , attr_7 > 5.8824,,,
909,attr_0 == 'value_25' , attr_6 > 6.3264 , attr_9 < 6.0884,,
910,attr_3 == 'value_94' , attr_4 == 'value_44' , attr_6 > 5.8535,,
911,attr_3 == 'value_64' , attr_5 < 6.3323,,,
912,attr_5 > 5.429 , attr_9 < 6.407,,,
913,attr_9 < 6.2103,,,,
914,attr_5 > 4.6408 , attr_7 > 5.1624,,,
915,attr_0 == 'value_43' , attr_7 < 4.7675,,,
916,attr_0 == 'value_56' , attr_4 == 'value_85',,,
917,attr_1 == 'value_32' , attr_6 > 4.1918 , attr_8 < 5.6576 , attr_9 < 3.4474,
918,attr_2 == 'value_60' , attr_3 == 'value_44' , attr_6 < 5.7487 , attr_8 > 6.2055,
919,attr_2 == 'value_19' , attr_3 == 'value_57' , attr_7 < 5.6573,,
920,attr_7 > 5.328,,,,
921,attr_0 == 'value_57' , attr_2 == 'value_27' , attr_7 < 4.5961,,
922,attr_3 == 'value_82' , attr_8 > 4.735,,,
923,attr_6 < 3.8201 , attr_9 < 5.8942,,,
924,attr_0 == 'value_91' , attr_4 == 'value_19',,,
925,attr_1 == 'value_47' , attr_4 == 'value_13' , attr_6 < 3.7824,,
926,attr_0 == 'value_1' , attr_9 < 5.2258,,,
927,attr_4 == 'value_11' , attr_6 > 5.1759,,,
928,attr_5 > 4.9769 , attr_6 < 6.4865,,,
929,attr_3 == 'value_85' , attr_7 > 4.8021 , attr_9 > 4.6561,,
930,attr_3 == 'value_61' , attr_8 > 5.1867,,,
931,attr_0 == 'value_63' , attr_4 == 'value_61' , attr_8 > 4.7267,,
932,attr_0 == 'value_29' , attr_8 < 4.2582,,,
933,attr_1 == 'value_35' , attr_2 == 'value_34',,,
934,attr_8 < 5.4589 , attr_9 > 5.3838,,,
935,attr_3 == 'value_18',,,,
936,attr_2 == 'value_16' , attr_3 == 'value_7',,,
937,attr_0 == 'value_32' , attr_7 < 3.9494 , attr_9 < 3.5061,,
938,attr_0 == 'value_47' , attr_7 > 5.109 , attr_9 < 5.5222,,
939,attr_3 == 'value_67' , attr_4 == 'value_26' , attr_5 > 4.8994 , attr_7 < 4.6791,
940,attr_6 > 4.6586,,,,
941,attr_2 == 'value_6',,,,
942,attr_3 == 'value_70',,,,
943,attr_0 == 'value_8' , attr_2 == 'value_68' , attr_8 < 4.7455,,
944,attr_5 > 6.1601 , attr_6 < 4.9028,,,
945,attr_0 == 'value_35' , attr_5 < 6.073 , attr_8 > 5.6137,,
946,attr_2 == 'value_2' , attr_3 == 'value_70',,,
947,attr_0 == 'value_12' , attr_2 == 'value_72',,,
948,attr_1 == 'value_2' , attr_5 > 4.3208 , attr_6 < 4.4309 , attr_8 > 4.2643,
949,attr_0 == 'value_46' , attr_4 == 'value_6' , attr_6 > 3.6008,,
950,attr_1 == 'value_60' , attr_2 == 'value_44' , attr_8 < 4.7606,,
951,attr_0 == 'value_70' , attr_1 == 'value_46',,,
952,attr_2 == 'value_41',,,,
953,attr_1 == 'value_30' , attr_3 == 'value_85' , attr_7 > 5.1863,,
954,attr_6 > 5.6414 , attr_7 < 4.791 , attr_9 > 3.9305,,
955,attr_0 == 'value_88',,,,
956,attr_0 == 'value_73' , attr_6 > 5.3207,,,
957,attr_2 == 'value_15' , attr_7 > 5.0303,,,
958,attr_6 < 4.9513,,,,
959,attr_1 == 'value_87' , attr_2 == 'value_60' , attr_6 > 5.8966 , attr_7 > 3.9235,
960,attr_6 < 4.1854,,,,
961,attr_0 == 'value_67' , attr_7 > 5.2079,,,
962,attr_0 == 'value_53' , attr_4 == 'value_66' , attr_9 < 3.8514,,
963,attr_6 > 4.7639 , attr_7 > 4.8034 , attr_9 < 6.1283,,
964,attr_1 == 'value_56' , attr_5 < 3.9826 , attr_6 > 4.1047,,
965,attr_6 > 5.2786 , attr_7 < 3.4234 , attr_9 < 5.9445,,
966,attr_7 > 6.6567,,,,
967,attr_1 == 'value_52',,,,
968,attr_0 == 'value_27' , attr_2 == 'value_14' , attr_7 > 7.4649,,
969,attr_1 == 'value_73' , attr_2 == 'value_54' , attr_6 > 6.7676,,
970,attr_2 == 'value_88' , attr_3 == 'value_13' , attr_6 > 4.7858,,
971,attr_5 > 4.3198 , attr_9 < 3.9667,,,
972,attr_9 < 5.6175,,,,
973,attr_5 > 6.085 , attr_6 > 2.4603,,,
974,attr_4 == 'value_78' , attr_5 < 5.1197 , attr_7 < 4.2582 , attr_9 > 4.4865,
975,attr_2 == 'value_36' , attr_3 == 'value_39',,,
976,attr_7 < 5.6807,,,,
977,attr_3 == 'value_0' , attr_4 == 'value_39',,,
978,attr_1 == 'value_3' , attr_6 > 6.1565,,,
979,attr_1 == 'value_17' , attr_3 == 'value_26' , attr_8 > 7.0068,,
980,attr_0 == 'value_13' , attr_6 < 5.0459,,,
981,attr_0 == 'value_48' , attr_7 > 5.12 , attr_9 > 7.4071,,
982,attr_0 == 'value_77' , attr_8 < 4.2857,,,
983,attr_2 == 'value_78' , attr_7 > 3.1357,,,
984,attr_2 == 'value_24' , attr_8 > 5.5383 , attr_9 < 5.9039,,
985,attr_1 == 'value_92' , attr_3 == 'value_28' , attr_5 > 3.5011 , attr_6 < 6.9245 , attr_7 > 2.6752
986,attr_8 > 5.0039,,,,
987,attr_0 == 'value_79' , attr_3 == 'value_41' , attr_5 > 5.0921,,
988,attr_1 == 'value_60' , attr_9 < 4.93,,,
989,attr_1 == 'value_49' , attr_2 == 'value_97',,,
990,attr_3 == 'value_87' , attr_4 == 'value_8' , attr_6 > 5.3263 , attr_9 > 4.7199,
991,attr_4 == 'value_65' , attr_5 < 4.6355 , attr_7 < 5.7154,,
992,attr_1 == 'value_75' , attr_4 == 'value_74',,,
993,attr_6 < 5.8 , attr_7 > 3.0015,,,
994,attr_7 > 4.3659 , attr_8 > 4.9512,,,
995,attr_6 > 5.9688,,,,
996,attr_0 == 'value_40',,,,
997,attr_0 == 'value_19' , attr_7 > 5.8691 , attr_8 > 5.8899 , attr_9 < 5.7874,
998,attr_4 == 'value_92' , attr_8 < 5.7022,,,
999,attr_0 == 'value_93' , attr_2 == 'value_70' , attr_6 < 3.4711,,
